district,year,living_waste,living_recycle,living_incineration,living_landfill,industrial_waste,construction_waste,designated_waste,per_capita_living_waste,total_waste,total_recycle,total_incineration,total_landfill,household_waste,biz_nonbiz_waste,recycle_rate,incineration_rate,landfill_rate,total_recycle_rate,total_incineration_rate,total_landfill_rate
종로구,2020,96692,56165,30536,9466,536,244977,6916,1.66,349122,301317,35278,11765,33285.2,63406.8,0.5809,0.3158,0.0979,0.8631,0.101,0.0337
종로구,2021,83878,45404,30427,7518,575,334984,7666,1.49,427101,381765,35832,8601,28912.1,54965.9,0.5413,0.3628,0.0896,0.8939,0.0839,0.0201
종로구,2022,104369,62003,35421,6635,964,275856,6828,1.88,388017,338310,41873,7126,35150.6,69218.4,0.5941,0.3394,0.0636,0.8719,0.1079,0.0184
종로구,2023,97419,54632,35774,5645,5548,216598,6669,1.77,326233,273087,40532,6173,33137.9,64281.1,0.5608,0.3672,0.0579,0.8371,0.1242,0.0189
종로구,2024,98887,58688,35903,3869,2447,173592,5592,1.81,280518,235251,40086,4061,33862.9,65024.1,0.5935,0.3631,0.0391,0.8386,0.1429,0.0145
중구,2020,130842,72461,47006,11375,3891,430202,3734,2.66,568669,505466,49978,13102,30726.7,100115.3,0.5538,0.3593,0.0869,0.8889,0.0879,0.023
중구,2021,108816,50113,48862,9611,703,311695,4244,2.26,425458,362298,51890,11014,26185.1,82630.9,0.4605,0.449,0.0883,0.8515,0.122,0.0259
중구,2022,118766,66571,43571,8318,572,319051,3446,2.49,441836,387027,45657,8793,28235.8,90530.2,0.5605,0.3669,0.07,0.876,0.1033,0.0199
중구,2023,132481,78731,45292,6595,299,213607,2752,2.75,349138,293220,47049,6946,29733.3,102747.7,0.5943,0.3419,0.0498,0.8398,0.1348,0.0199
중구,2024,133576,85767,41851,4641,25473,301748,2404,2.78,463201,413582,43340,4813,30935.0,102641.0,0.6421,0.3133,0.0347,0.8929,0.0936,0.0104
용산구,2020,110255,72190,28417,9575,5023,267005,2976,1.23,385259,340570,30149,14352,65993.3,44261.7,0.6548,0.2577,0.0868,0.884,0.0783,0.0373
용산구,2021,107173,68334,29489,9113,204139,257038,2331,1.24,570680,528210,31323,10742,63624.1,43548.9,0.6376,0.2752,0.085,0.9256,0.0549,0.0188
용산구,2022,216363,178471,31172,6511,365558,365184,2603,2.54,949707,908379,34096,6981,127685.9,88677.1,0.8249,0.1441,0.0301,0.9565,0.0359,0.0074
용산구,2023,208742,171993,31658,4979,240879,409386,2818,2.52,861824,821744,34370,5124,119701.9,89040.1,0.824,0.1517,0.0239,0.9535,0.0399,0.0059
용산구,2024,103895,67515,32618,3506,43457,274422,2273,1.31,424047,385534,33855,3752,58600.9,45294.1,0.6498,0.314,0.0337,0.9092,0.0798,0.0088
성동구,2020,110224,73914,22839,9739,80560,660116,5207,1.0,856107,677491,29498,100007,66043.6,44180.4,0.6706,0.2072,0.0884,0.7914,0.0345,0.1168
성동구,2021,99225,68206,20456,10421,122136,1107885,6068,0.93,1335314,1172435,26036,100078,58006.4,41218.6,0.6874,0.2062,0.105,0.878,0.0195,0.0749
성동구,2022,104584,66623,22459,15149,189274,787883,5293,0.99,1087034,1002565,29292,33898,60357.6,44226.4,0.637,0.2147,0.1449,0.9223,0.0269,0.0312
성동구,2023,106823,68206,30416,8083,96361,742208,5088,1.03,950481,865243,37245,12525,61891.2,44931.8,0.6385,0.2847,0.0757,0.9103,0.0392,0.0132
성동구,2024,159245,120565,30444,6175,111943,751281,4947,1.55,1027416,949977,35878,6383,91807.8,67437.2,0.7571,0.1912,0.0388,0.9246,0.0349,0.0062
광진구,2020,125579,87415,30325,7823,12796,439375,2310,0.95,580059,536939,31764,11043,90528.0,35051.0,0.6961,0.2415,0.0623,0.9257,0.0548,0.019
광진구,2021,91428,62681,18288,10459,2458,347478,2742,0.71,444106,412441,20122,11402,66180.4,25247.6,0.6856,0.2,0.1144,0.9287,0.0453,0.0257
광진구,2022,120644,95246,16497,8595,2278,223084,2775,0.94,348781,321031,18399,8974,87105.4,33538.6,0.7895,0.1367,0.0712,0.9204,0.0528,0.0257
광진구,2023,104709,67412,29242,8048,2011,112888,2412,0.82,222019,182836,30846,8239,75800.2,28908.8,0.6438,0.2793,0.0769,0.8235,0.1389,0.0371
광진구,2024,107234,71082,27968,8176,1264,155354,2216,0.84,266068,227553,29986,8265,77819.8,29414.2,0.6629,0.2608,0.0762,0.8552,0.1127,0.0311
동대문구,2020,161082,121098,31697,8277,9323,1010620,3700,1.23,1184725,1141166,33794,9512,112441.1,48640.9,0.7518,0.1968,0.0514,0.9632,0.0285,0.008
동대문구,2021,116867,75504,31695,9560,8195,542574,3629,0.91,671264,626044,34094,10995,81505.4,35361.6,0.6461,0.2712,0.0818,0.9326,0.0508,0.0164
동대문구,2022,108075,68325,30065,9484,14557,416130,3246,0.84,542009,495337,34934,9663,75401.2,32673.8,0.6322,0.2782,0.0878,0.9139,0.0645,0.0178
동대문구,2023,113337,72494,31512,7144,11904,196638,3303,0.86,325181,278938,36532,7427,79405.9,33931.1,0.6396,0.278,0.063,0.8578,0.1123,0.0228
동대문구,2024,112593,73460,33612,4632,7696,218121,3440,0.86,341850,298568,37378,4864,78726.1,33866.9,0.6524,0.2985,0.0411,0.8734,0.1093,0.0142
중랑구,2020,123561,82943,33840,6778,4022,312042,1765,0.84,441390,396827,35064,9389,96423.4,27137.6,0.6713,0.2739,0.0549,0.899,0.0794,0.0213
중랑구,2021,105213,64188,33476,7527,6204,381425,2067,0.74,494909,449999,34963,9920,81428.1,23784.9,0.6101,0.3182,0.0715,0.9093,0.0706,0.02
중랑구,2022,104375,63404,33253,6819,3798,207985,1895,0.73,318053,274838,34833,7475,80426.9,23948.1,0.6075,0.3186,0.0653,0.8641,0.1095,0.0235
중랑구,2023,96847,57284,35055,4233,3464,101667,2188,0.68,204166,162673,36621,4509,74784.7,22062.3,0.5915,0.362,0.0437,0.7968,0.1794,0.0221
중랑구,2024,107223,66826,37416,2942,662,210101,2204,0.76,320191,277911,38751,3062,82196.7,25026.3,0.6232,0.349,0.0274,0.868,0.121,0.0096
성북구,2020,132342,90004,37020,5206,2406,299472,3186,0.81,437406,391237,39448,6391,103504.1,28837.9,0.6801,0.2797,0.0393,0.8944,0.0902,0.0146
성북구,2021,136000,100565,31140,3620,3657,474185,3239,0.85,617081,578489,33596,4240,105587.8,30412.2,0.7394,0.229,0.0266,0.9375,0.0544,0.0069
성북구,2022,125909,85083,29930,3031,620,457253,3533,0.78,587314,543497,32556,3314,97443.8,28465.2,0.6757,0.2377,0.0241,0.9254,0.0554,0.0056
성북구,2023,123724,83204,38734,1421,5042,187081,3347,0.77,319194,275854,41316,1558,95430.1,28293.9,0.6725,0.3131,0.0115,0.8642,0.1294,0.0049
성북구,2024,117738,87203,28119,1972,8729,233845,3289,0.74,363601,330333,30494,2223,90715.8,27022.2,0.7407,0.2388,0.0167,0.9085,0.0839,0.0061
강북구,2020,88989,53419,32484,3086,702,215768,1351,0.78,306811,269137,33206,3741,70052.0,18937.0,0.6003,0.365,0.0347,0.8772,0.1082,0.0122
강북구,2021,94407,63804,25501,2504,386,266018,1604,0.85,362414,330263,26430,2726,74445.4,19961.6,0.6758,0.2701,0.0265,0.9113,0.0729,0.0075
강북구,2022,89627,61272,24914,2157,666,179543,1616,0.83,271453,241847,25819,2382,70464.6,19162.4,0.6836,0.278,0.0241,0.8909,0.0951,0.0088
강북구,2023,88886,62128,24499,2223,412,122666,1492,0.83,213456,185552,25244,2336,69987.7,18898.3,0.699,0.2756,0.025,0.8693,0.1183,0.0109
강북구,2024,83607,57254,24101,2252,45,163698,1760,0.79,249111,221877,24908,2312,65987.9,17619.1,0.6848,0.2883,0.0269,0.8907,0.1,0.0093
도봉구,2020,110126,72850,34579,2599,29365,331501,1426,0.92,472418,415475,35435,15274,88511.2,21614.8,0.6615,0.314,0.0236,0.8795,0.075,0.0323
도봉구,2021,91929,53467,35235,3095,282,239030,1476,0.79,332716,292520,36218,3793,73588.6,18340.4,0.5816,0.3833,0.0337,0.8792,0.1089,0.0114
도봉구,2022,94263,70069,20088,2597,1262,180679,1449,0.82,277653,252390,20920,2788,75469.6,18793.4,0.7433,0.2131,0.0276,0.909,0.0753,0.01
도봉구,2023,102431,58070,36818,2605,453,95230,1849,0.91,199963,153872,37931,3169,81201.1,21229.9,0.5669,0.3594,0.0254,0.7695,0.1897,0.0158
도봉구,2024,88094,61429,20306,2084,19,463209,1400,0.79,552721,525123,21057,2198,69688.3,18405.7,0.6973,0.2305,0.0237,0.9501,0.0381,0.004
노원구,2020,144500,102566,39196,1926,26478,228709,5946,0.75,405633,330938,41344,32387,116187.4,28312.6,0.7098,0.2713,0.0133,0.8159,0.1019,0.0798
노원구,2021,135900,95590,36352,3854,27013,229987,5808,0.72,398708,326801,39098,32148,107765.2,28134.8,0.7034,0.2675,0.0284,0.8196,0.0981,0.0806
노원구,2022,145778,106889,35346,3490,24876,388071,4716,0.79,563441,496384,37403,29107,116020.9,29757.1,0.7332,0.2425,0.0239,0.881,0.0664,0.0517
노원구,2023,140139,102671,33276,3815,38244,306861,2998,0.76,488241,421584,35593,30564,111041.4,29097.6,0.7326,0.2374,0.0272,0.8635,0.0729,0.0626
노원구,2024,150001,96090,41725,1856,26136,183808,3058,0.83,363003,281563,43501,27324,118164.4,31836.6,0.6406,0.2782,0.0124,0.7756,0.1198,0.0753
은평구,2020,139243,81603,19271,38299,1442,645555,2980,0.79,789221,725762,21066,42295,113590.6,25652.4,0.586,0.1384,0.2751,0.9196,0.0267,0.0536
은평구,2021,138304,83540,14275,40420,82,335679,3905,0.79,477969,419258,16714,41301,112409.4,25894.6,0.604,0.1032,0.2923,0.8772,0.035,0.0864
은평구,2022,128783,72461,16763,38861,35,349009,3336,0.75,481162,422105,18692,39645,104638.7,24144.3,0.5627,0.1302,0.3018,0.8773,0.0388,0.0824
은평구,2023,123761,74038,16353,33351,10304,258426,3455,0.72,395945,343488,18170,34071,100849.5,22911.5,0.5982,0.1321,0.2695,0.8675,0.0459,0.086
은평구,2024,127441,72827,24803,29811,12231,475666,3478,0.75,618816,560680,26930,31055,103260.2,24180.8,0.5715,0.1946,0.2339,0.9061,0.0435,0.0502
서대문구,2020,104413,64333,28780,11300,3438,172749,5909,0.88,286509,235557,34088,13788,75360.5,29052.5,0.6161,0.2756,0.1082,0.8222,0.119,0.0481
서대문구,2021,96768,57786,30403,8512,1383,260077,6565,0.84,364794,318891,36254,9116,69719.8,27048.2,0.5972,0.3142,0.088,0.8742,0.0994,0.025
서대문구,2022,107631,67206,29038,8326,172,155327,6317,0.92,269447,223141,34678,8513,77407.5,30223.5,0.6244,0.2698,0.0774,0.8281,0.1287,0.0316
서대문구,2023,97594,60677,31484,5433,4362,169900,6575,0.83,278431,231216,37180,5585,70401.7,27192.3,0.6217,0.3226,0.0557,0.8304,0.1335,0.0201
서대문구,2024,99837,63501,31947,4288,751,89839,5832,0.86,196258,154096,36786,4601,71959.0,27878.0,0.636,0.32,0.043,0.7852,0.1874,0.0234
마포구,2020,134108,79919,41798,12391,25041,434365,8820,0.96,602333,537557,43428,21283,75914.0,58194.0,0.5959,0.3117,0.0924,0.8925,0.0721,0.0353
마포구,2021,199008,79714,41372,10035,25993,283893,7809,1.44,516703,389226,42378,16665,113173.8,85834.2,0.4006,0.2079,0.0504,0.7533,0.082,0.0323
마포구,2022,152394,88134,42222,9994,25892,455696,7235,1.11,641217,568963,43096,16907,86918.9,65475.1,0.5783,0.2771,0.0656,0.8873,0.0672,0.0264
마포구,2023,135308,83318,43555,7586,34226,362155,2771,0.99,534459,472953,44600,15913,75980.6,59327.4,0.6158,0.3219,0.0561,0.8849,0.0834,0.0298
마포구,2024,142121,85360,49895,5601,35718,248059,2817,1.04,428716,361870,50783,14687,80722.3,61398.7,0.6006,0.3511,0.0394,0.8441,0.1185,0.0343
양천구,2020,144360,104623,33003,6734,15876,291869,5935,0.86,458040,394798,34766,28433,112167.6,32192.4,0.7247,0.2286,0.0466,0.8619,0.0759,0.0621
양천구,2021,128894,86602,30053,10819,18134,249536,3896,0.78,400459,335110,32020,31715,99220.0,29674.0,0.6719,0.2332,0.0839,0.8368,0.08,0.0792
양천구,2022,123688,80582,33872,6324,26016,154450,2803,0.76,306957,242863,35709,25392,94887.9,28800.1,0.6515,0.2739,0.0511,0.7912,0.1163,0.0827
양천구,2023,115678,78725,29907,6779,21244,107829,3023,0.72,247774,189182,31874,26215,88838.2,26839.8,0.6806,0.2585,0.0586,0.7635,0.1286,0.1058
양천구,2024,121756,72237,33545,6453,19846,187835,3383,0.77,332820,261323,35318,26046,93445.8,28310.2,0.5933,0.2755,0.053,0.7852,0.1061,0.0783
강서구,2020,192797,133861,37921,20583,300172,1306283,4692,0.9,1803943,1331597,89106,230910,130003.4,62793.6,0.6943,0.1967,0.1068,0.7382,0.0494,0.128
강서구,2021,751795,212856,38987,229973,283001,771167,5052,3.55,1811014,1030882,83483,307798,499275.1,252519.9,0.2831,0.0519,0.3059,0.5692,0.0461,0.17
강서구,2022,585756,274273,46052,22085,245427,876324,5221,2.79,1712728,1226981,97085,32602,383875.9,201880.1,0.4682,0.0786,0.0377,0.7164,0.0567,0.019
강서구,2023,490315,221810,48403,15035,355548,891305,5157,2.36,1742325,1230702,103308,17315,317431.7,172883.3,0.4524,0.0987,0.0307,0.7064,0.0593,0.0099
강서구,2024,590910,270188,50371,14385,394974,865288,6893,2.87,1858065,1256963,112700,14562,378319.2,212590.8,0.4572,0.0852,0.0243,0.6765,0.0607,0.0078
구로구,2020,120646,63150,39947,17541,749,343400,3141,0.76,467935,395762,43015,28971,75811.1,44834.9,0.5234,0.3311,0.1454,0.8458,0.0919,0.0619
구로구,2021,136224,76846,40405,18687,980,306369,3901,0.89,447475,364499,43080,39380,84787.8,51436.2,0.5641,0.2966,0.1372,0.8146,0.0963,0.088
구로구,2022,134033,80101,37846,15879,1581,373662,3636,0.88,512912,456143,40343,16083,83054.8,50978.2,0.5976,0.2824,0.1185,0.8893,0.0787,0.0314
구로구,2023,171610,119509,39364,12648,1504,269093,3443,1.13,445650,390895,41614,12961,107292.8,64317.2,0.6964,0.2294,0.0737,0.8771,0.0934,0.0291
구로구,2024,122831,71343,44102,7011,4102,171986,3490,0.81,302409,244974,46985,10004,76814.8,46016.2,0.5808,0.359,0.0571,0.8101,0.1554,0.0331
금천구,2020,100451,69075,5749,24736,3226,1282695,2514,1.11,1388885,1330633,6975,49595,47083.1,53367.9,0.6876,0.0572,0.2462,0.9581,0.005,0.0357
금천구,2021,98645,62226,11718,24175,447,392645,2595,1.1,494331,440293,12965,40068,46823.4,51821.6,0.6308,0.1188,0.2451,0.8907,0.0262,0.0811
금천구,2022,99931,65228,11294,22984,1291,315288,2873,1.13,419382,382537,12466,23365,47222.9,52708.1,0.6527,0.113,0.23,0.9121,0.0297,0.0557
금천구,2023,101244,64988,11071,21475,858,261932,2818,1.15,366852,328279,12053,21798,47635.1,53608.9,0.6419,0.1093,0.2121,0.8949,0.0329,0.0594
금천구,2024,96694,64032,10564,21528,3077,122849,2969,1.11,225590,190625,11544,21685,45091.1,51602.9,0.6622,0.1093,0.2226,0.845,0.0512,0.0961
영등포구,2020,164492,108772,44477,9801,20695,598226,5778,1.1,789191,725302,47526,13029,76668.0,87824.0,0.6613,0.2704,0.0596,0.919,0.0602,0.0165
영등포구,2021,161206,112103,32519,14311,16433,520027,5380,1.1,703046,643041,35268,21485,74826.7,86379.3,0.6954,0.2017,0.0888,0.9146,0.0502,0.0306
영등포구,2022,167303,113275,39621,13033,31221,622319,4808,1.15,825651,762953,42534,13450,77698.9,89604.1,0.6771,0.2368,0.0779,0.9241,0.0515,0.0163
영등포구,2023,166688,114964,40194,10454,16535,379065,4831,1.15,567119,510750,43506,11152,77130.5,89557.5,0.6897,0.2411,0.0627,0.9006,0.0767,0.0197
영등포구,2024,158377,106906,42491,7829,16008,414191,4706,1.09,593281,538286,44896,8177,72530.5,85846.5,0.675,0.2683,0.0494,0.9073,0.0757,0.0138
동작구,2020,118757,86746,24316,6850,961,348708,3509,0.81,471935,434075,26941,9709,92575.5,26181.5,0.7304,0.2048,0.0577,0.9198,0.0571,0.0206
동작구,2021,108554,71943,25098,11143,1524,259969,3786,0.75,373833,333856,27629,11705,84577.1,23976.9,0.6627,0.2312,0.1026,0.8931,0.0739,0.0313
동작구,2022,118013,77044,26806,13606,2165,268178,3337,0.83,391694,347999,28958,13848,92102.7,25910.3,0.6528,0.2271,0.1153,0.8884,0.0739,0.0354
동작구,2023,116719,79700,26679,9967,572,291544,3192,0.82,412026,372016,29037,10416,91071.8,25647.2,0.6828,0.2286,0.0854,0.9029,0.0705,0.0253
동작구,2024,119527,80659,27158,9166,2403,862392,2762,0.84,987083,945710,29140,9484,92623.5,26903.5,0.6748,0.2272,0.0767,0.9581,0.0295,0.0096
관악구,2020,146977,103521,11177,32279,355,447090,2654,0.79,597075,551255,12452,33291,115360.2,31616.8,0.7043,0.076,0.2196,0.9233,0.0209,0.0558
관악구,2021,146143,87868,40409,17867,12576,472448,3081,0.8,634248,573271,42025,18944,115583.2,30559.8,0.6012,0.2765,0.1223,0.9039,0.0663,0.0299
관악구,2022,161574,109513,32082,19980,230,328164,3025,0.88,492993,438911,33468,20503,128266.9,33307.1,0.6778,0.1986,0.1237,0.8903,0.0679,0.0416
관악구,2023,146875,97385,31360,18067,857,250737,2818,0.81,401288,349773,32879,18434,116258.0,30617.0,0.663,0.2135,0.123,0.8716,0.0819,0.0459
관악구,2024,149864,111384,24650,13830,749,194682,2793,0.83,348087,307579,26223,14072,118641.0,31223.0,0.7432,0.1645,0.0923,0.8836,0.0753,0.0404
서초구,2020,184761,109206,46581,28975,2669,671999,10941,1.18,870369,785848,52896,30778,85117.4,99643.6,0.5911,0.2521,0.1568,0.9029,0.0608,0.0354
서초구,2021,177110,108844,49351,18095,9292,1413368,12439,1.17,1612209,1526715,56482,27389,81108.9,96001.1,0.6146,0.2786,0.1022,0.947,0.035,0.017
서초구,2022,180281,112992,47902,17609,6002,839794,15586,1.21,1041663,960238,55398,23526,81290.0,98991.0,0.6268,0.2657,0.0977,0.9218,0.0532,0.0226
서초구,2023,178090,111677,48674,16791,14327,1143517,11810,1.18,1347744,1272396,56120,17252,80399.7,97690.3,0.6271,0.2733,0.0943,0.9441,0.0416,0.0128
서초구,2024,180257,113288,47403,16181,4951,1027905,11681,1.19,1224794,1149436,54059,17004,81578.4,98678.6,0.6285,0.263,0.0898,0.9385,0.0441,0.0139
강남구,2020,254317,166714,74305,12820,149499,1611460,18547,1.28,2033823,1865166,84116,32624,99541.2,154775.8,0.6555,0.2922,0.0504,0.9171,0.0414,0.016
강남구,2021,248001,161619,73051,13244,150248,1132603,20172,1.26,1551024,1364019,85943,25085,99062.4,148938.6,0.6517,0.2946,0.0534,0.8794,0.0554,0.0162
강남구,2022,263297,163224,81017,16579,148711,933301,19656,1.35,1364964,1184575,92695,26400,104587.0,158710.0,0.6199,0.3077,0.063,0.8678,0.0679,0.0193
강남구,2023,261425,161437,85097,14630,154303,826993,18166,1.3,1260886,1049544,95511,23987,108121.4,153303.6,0.6175,0.3255,0.056,0.8324,0.0757,0.019
강남구,2024,266815,169222,85233,10546,151389,631516,18614,1.29,1068334,880134,92563,21239,113293.1,153521.9,0.6342,0.3194,0.0395,0.8238,0.0866,0.0199
송파구,2020,266247,198010,35498,32302,31090,1253053,13128,1.08,1563519,1445356,47173,60628,164690.5,101556.5,0.7437,0.1333,0.1213,0.9244,0.0302,0.0388
송파구,2021,253209,173237,40967,31434,37277,807419,11586,1.04,1109491,991123,51880,57750,157392.2,95816.8,0.6842,0.1618,0.1241,0.8933,0.0468,0.0521
송파구,2022,301830,177052,39669,33624,70684,526477,10960,1.24,909951,770847,51323,34028,186166.8,115663.2,0.5866,0.1314,0.1114,0.8471,0.0564,0.0374
송파구,2023,262182,156087,39356,24918,83756,329910,10758,1.09,686606,565064,52582,25205,160801.3,101380.7,0.5953,0.1501,0.095,0.823,0.0766,0.0367
송파구,2024,268890,162401,48885,14789,77516,376512,9108,1.12,732026,611677,59733,14974,163570.0,105320.0,0.604,0.1818,0.055,0.8356,0.0816,0.0205
강동구,2020,134696,90881,26954,16699,114885,757613,5259,0.79,1012452,955141,37298,19352,99171.2,35524.8,0.6747,0.2001,0.124,0.9434,0.0368,0.0191
강동구,2021,146616,97802,20752,15911,104025,837179,5639,0.86,1093460,1028941,35152,16939,109386.8,37229.2,0.6671,0.1415,0.1085,0.941,0.0321,0.0155
강동구,2022,126256,90128,19731,16367,105328,521982,4733,0.75,758299,712089,29479,16587,92952.8,33303.2,0.7139,0.1563,0.1296,0.9391,0.0389,0.0219
강동구,2023,122793,87690,20634,14436,95364,371103,4949,0.73,594209,548306,30689,14845,90661.8,32131.2,0.7141,0.168,0.1176,0.9227,0.0516,0.025
강동구,2024,129564,84538,33808,10643,92905,300538,4468,0.74,527475,473385,42576,10795,95625.8,33938.2,0.6525,0.2609,0.0821,0.8975,0.0807,0.0205
