year,gu,waste_total,waste_per_capita,food_waste_total,recycle_rate,total_pop,households,elderly_ratio,parcel_arrival_total,arrival_per_hh,living_pop_daily_avg,day_night_ratio,biz_total,food_accom_biz,illegal_dumping_count
2020,강남구,254317,694.9,242.6,65.55362008831497,544055,234872,13.803016239166997,,,19326519.511716984,1.3281220957141893,115054,3816,22467
2020,강동구,134696,368.0,110.4,67.47119439330046,463998,196499,15.09036676882228,,,12101668.380910246,0.9158460857009806,40978,4897,8282
2020,강북구,88989,243.1,68.7,60.02876760048995,311569,145896,20.35568365273824,,,7291376.846132353,0.8971559591053502,26711,2994,9747
2020,강서구,192797,526.8,144.1,69.43105961192342,585901,266982,15.187548749703447,,,13008123.555279864,0.9480833857620464,58788,8490,362
2020,관악구,146977,401.6,94.2,70.433469182253,509803,274811,15.471662583390057,,,11695941.284345934,0.8818745928066778,38639,4050,6151
2020,광진구,125579,343.1,86.8,69.60956847880617,360109,167427,14.040193385891495,,,8816801.575294863,0.942574608013188,35423,2900,2787
2020,구로구,120646,329.6,82.2,52.34321900435987,432488,180531,16.231201790569912,,,9345964.894268217,0.9871269776222876,53547,5250,2772
2020,금천구,100451,274.5,55.0,68.76487043434112,247835,114715,16.076018318639417,,,5370923.864009409,1.1330722115310097,47354,3110,2228
2020,노원구,144500,394.8,118.4,70.97993079584775,527032,218270,16.220836685438456,,,12646522.580337346,0.9123478918017234,37442,6229,3707
2020,도봉구,110126,300.9,72.8,66.1514991918348,327361,139114,18.957359001224948,,,6763813.691947284,0.9151158767162249,25607,4751,1295
2020,동대문구,161082,440.1,90.8,75.17785972361902,357014,167598,17.309125132347752,,,8526325.052925596,0.9893692255903,43029,3762,4666
2020,동작구,118757,324.5,85.3,73.04495734988254,401572,184229,16.233701552897113,,,9487205.205558509,0.9101340219461638,28505,2189,2727
2020,마포구,134108,366.4,84.6,59.59301458525964,381858,178482,14.228063835247656,,,10893617.15736209,1.0818271743807937,58694,3917,4113
2020,서대문구,104413,285.3,63.5,61.61397527127848,322952,144838,16.783918353191808,,,8637286.653745268,1.0285623383903215,28769,3339,2521
2020,서초구,184761,504.8,155.8,59.106629645866825,429025,173502,14.024590641571006,,,13691488.965675728,1.2476279003182065,75858,4510,11031
2020,성동구,110224,301.2,77.9,67.05799100014515,300505,135870,15.175454651336915,,,8224070.54130013,1.0536701596094014,41582,2825,811
2020,성북구,132342,361.6,86.9,68.00864427014855,447056,195396,16.50128842919008,,,10258165.724366836,0.9203399264803558,34420,3446,674
2020,송파구,266247,727.5,208.5,74.37079103238722,673926,281959,13.871404278808058,,,17957026.995794434,0.9982253752656812,76412,7370,5548
2020,양천구,144360,394.4,89.0,72.47367691881408,457781,180633,14.345287375404398,,,9582607.059648553,0.9247695312078138,37183,5924,1397
2020,영등포구,164492,449.4,136.5,66.1260122072806,407367,184714,15.143101920381378,,,10959184.961894771,1.19152619825108,74060,5618,5325
2020,용산구,110255,301.2,63.7,65.47548863997098,244645,113093,16.451184369188006,,,6807828.086842029,1.1343058361765224,31507,1692,1398
2020,은평구,139243,380.4,78.4,58.60474135145034,484043,213914,17.599056282189807,,,10789094.77325016,0.8739244823254904,36273,4746,3552
2020,종로구,96692,264.2,76.1,58.08650146858064,158996,75003,17.929381871242043,,,6614565.943734429,1.4763479700011102,50531,1642,11675
2020,중구,130842,357.5,80.8,55.38053530212012,134635,63686,18.193634641809336,,,6064259.332193781,1.7470977887977486,76129,2440,6865
2020,중랑구,123561,337.6,86.7,67.12716795752705,399562,185920,17.380781956242085,,,8640617.450169815,0.8903300084984795,38558,5498,6043
2021,강남구,248001,679.5,231.1,65.16868883593212,537800,234233,14.545555968761622,,,18867242.310377467,1.3398916134444585,110007,3708,22540
2021,강동구,146616,401.7,116.6,66.70622578709009,466472,201613,15.878766571198272,,,12073116.900275504,0.9120664814682355,41660,5442,9277
2021,강북구,94407,258.6,64.3,67.58397152753504,302563,144536,21.262679177559715,,,7061560.402855322,0.897970834001465,26385,3102,5522
2021,강서구,751795,2059.7,131.3,28.31303746367028,579768,271175,15.964661726759669,,,12928754.793815644,0.956873363419925,58806,9188,402
2021,관악구,146143,400.4,91.8,60.12467240989989,499449,276597,15.991822988933803,,,11255917.019344434,0.8804701666641067,37915,4490,5908
2021,광진구,91428,250.5,82.7,68.55777223607647,352627,167949,14.667906881775927,,,8504924.624102019,0.9485745903847392,33706,2778,3749
2021,구로구,136224,373.2,81.8,56.411498708010335,421163,180929,17.24059330947875,,,9178533.01337782,0.9841809418869016,52791,5498,6637
2021,금천구,98645,270.3,55.5,63.08074408231538,244891,117595,16.75888456496972,,,5247790.883313941,1.1359402582312923,47964,3218,3926
2021,노원구,135900,372.3,115.9,70.33848417954378,514946,217378,17.156167831190068,,,12194673.538278757,0.9153369643867209,37909,6415,1735
2021,도봉구,91929,251.9,72.0,58.16118961372363,319373,138656,20.08936259483425,,,6598861.160691966,0.9082636496060944,25391,5058,782
2021,동대문구,116867,320.2,93.5,64.60677522311687,352006,168219,17.673278296392674,,,8240380.507472903,0.9849359866635308,42813,3956,6001
2021,동작구,108554,297.4,80.7,66.27392818320835,394364,184812,16.8912476798085,,,9058162.9617924,0.907382005200914,27915,2250,1606
2021,마포구,199008,545.2,77.9,40.05567615372247,378686,179861,14.413524661592984,,,10522665.593984324,1.0917499022178994,56782,3963,4709
2021,서대문구,96768,265.1,61.1,59.71602182539682,315659,143647,17.191969815528783,,,8486706.82938367,1.0209163043084608,28522,3414,2522
2021,서초구,177110,485.2,147.4,61.45559256958953,416167,170244,14.580204581333936,,,13337084.29791925,1.2558368317932458,71958,4352,9655
2021,성동구,99225,271.8,76.6,68.7387251196775,292672,134233,15.84709162475399,,,8162184.107608925,1.0686377990307905,41665,2994,1546
2021,성북구,136000,372.6,86.7,73.94485294117648,440142,195017,16.973840260643154,,,9981810.658352682,0.9182092338925844,34712,3691,399
2021,송파구,253209,693.7,210.9,68.41660446508615,663965,282417,14.713275549162985,,,17642374.60988164,1.004732107517358,74531,7834,7063
2021,양천구,128894,353.1,88.7,67.18854252331373,450487,181404,15.233957916654642,,,9221529.78085424,0.9248097917018036,37929,6507,1504
2021,영등포구,161206,441.7,131.6,69.5402156247286,400908,187020,15.593602522274436,,,10996353.591698902,1.1850766126415235,74562,5793,2808
2021,용산구,107173,293.6,62.7,63.760462056674726,237285,111036,16.465431864635356,,,6685056.856546414,1.1247523370597252,29680,1739,1042
2021,은평구,138304,378.9,77.9,60.40316982878296,477173,214711,18.282886919419163,,,10445083.768167283,0.8718328725741933,36509,5095,4386
2021,종로구,83878,229.8,69.3,54.13099978540261,153789,73494,18.088419847973523,,,6400907.572882463,1.4756996480782347,48361,1699,15535
2021,중구,108816,298.1,78.5,46.05297015144832,131787,63519,18.508654116111604,,,5853972.807506111,1.728488013412494,70308,2325,11434
2021,중랑구,105213,288.3,84.2,61.00767015482877,391885,185712,18.2915906452148,,,8435326.467784824,0.8873850742744251,39310,5830,7194
2022,강남구,263297,721.4,245.4,61.99235084334421,534103,232777,15.299483432970796,,,19299439.16318451,1.3468501418965482,107804,4344,16987
2022,강동구,126256,345.9,113.1,71.38512229121784,464037,202169,16.882274473802735,,,11996736.039737243,0.9062934288968748,43157,6418,10496
2022,강북구,89627,245.6,63.2,68.36332801499549,297702,144313,22.27294408502462,,,6878110.635025528,0.8978166720536611,26114,3316,2827
2022,강서구,585756,1604.8,128.7,46.82376279543018,574638,273697,16.902467292451945,,,12915512.455772704,0.9588861604155676,59660,9712,507
2022,관악구,161574,442.7,92.5,67.77885055763923,501226,283623,16.449066887990647,,,11167655.679176746,0.8711348997193279,36814,4667,3924
2022,광진구,120644,330.5,83.3,78.9479791784092,351252,169291,15.39379135207771,,,8576296.950847562,0.9521253955581926,33325,2997,2532
2022,구로구,134033,367.2,77.4,59.7621481276999,418418,183655,18.13736502731718,,,9206319.529298922,0.9804730636589024,52988,6146,4891
2022,금천구,99931,273.8,55.2,65.27303839649358,242818,119583,17.679084746600335,,,5240092.110218558,1.116499191043984,48438,3543,2709
2022,노원구,145778,399.4,116.2,73.3231351781476,508014,217540,18.11761093198219,,,11893196.605935656,0.9132545114386832,38018,6791,2587
2022,도봉구,94263,258.3,71.8,74.33351367981075,313989,138356,21.337690173859595,,,6453909.180186796,0.8992752760099813,25193,5278,672
2022,동대문구,108075,296.1,85.6,63.21998612074948,353601,169873,18.231848891830055,,,8275345.688898192,0.9829653213072476,42491,4203,3304
2022,동작구,118013,323.3,80.6,65.2843330819486,390432,185773,17.47577042865339,,,9104595.124059426,0.909524272362608,27120,2260,1643
2022,마포구,152394,417.5,81.0,57.83298555061223,375585,180084,14.887176005431527,,,10687172.971333336,1.0965409915431292,55516,4099,4674
2022,서대문구,107631,294.9,63.1,62.44111826518383,319554,145797,17.5231729222604,,,8515877.341835544,1.0280145427366512,28427,3775,1644
2022,서초구,180281,493.9,144.5,62.67548992960988,408451,167749,15.264254463815732,,,13339936.061868295,1.272986504940831,69975,4347,11224
2022,성동구,104584,286.5,76.6,63.70286085825748,288234,133305,16.555992700375388,,,8164938.348603721,1.0790286447204327,41306,3114,1140
2022,성북구,125909,345.0,91.9,67.5749946389853,441984,197082,17.52891507384883,,,9959852.072256804,0.9131405843427508,35162,3921,1445
2022,송파구,301830,826.9,212.8,58.65951032037901,664514,284853,15.586278091958937,,,17790253.365525384,1.0132341205723865,74738,8881,6343
2022,양천구,123688,338.9,90.0,65.14940818834486,444010,181187,16.304362514357784,,,8907505.136765098,0.911537305384517,37774,6526,1366
2022,영등포구,167303,458.4,134.8,67.70649659599648,398085,188832,16.28044261903865,,,11264718.82738699,1.1966473708144476,75470,6442,2779
2022,용산구,216363,592.8,64.9,82.48683924700619,233284,109805,16.73368083537662,,,6791448.804562039,1.135919809706466,28047,1754,977
2022,은평구,128783,352.8,75.7,56.26596678132984,470602,213876,19.050067785517275,,,10299995.83956398,0.8633488618246205,36430,4930,4758
2022,종로구,104369,285.9,75.5,59.40748689745039,152211,72524,18.36792347465032,,,6633723.781890981,1.5133899317710455,47595,1832,17064
2022,중구,118766,325.4,90.6,56.052237172254685,130785,63139,19.157395725809533,,,6200637.874666024,1.7755766934723958,68143,2319,6990
2022,중랑구,104375,286.0,83.5,60.74634730538923,390140,187413,19.20336289537089,,,8355761.191143278,0.8809315947083127,40320,6458,4270
2023,강남구,261425,716.2,235.3,61.75270153963852,550282,239775,15.738475908715897,10032853.0,41.84278177458034,19543105.994685147,1.356774163719609,104299,4198,11597
2023,강동구,122793,336.4,105.6,71.4128655542254,463318,203734,17.91080855913217,5398612.0,26.49833606565424,11954217.126081808,0.9044347563636596,43358,6174,8176
2023,강북구,88886,243.5,60.6,69.89627162882793,292977,143560,23.420609808961117,3048036.0,21.231791585399836,6668592.316163783,0.8943370385476641,26310,3497,2807
2023,강서구,490315,1343.3,122.3,45.23826519686324,568826,274084,17.948546655743584,7593199.0,27.70391193940544,12817741.235930352,0.9610348510018516,59969,9547,1844
2023,관악구,146875,402.4,86.0,66.30468085106384,497883,284578,17.15623951811972,6005868.0,21.10447047909536,10977692.33003424,0.8619052692327457,37689,4699,5158
2023,광진구,104709,286.9,83.4,64.38033024859372,351180,170077,16.179452132809384,4558313.0,26.801466394633017,8609339.84398753,0.9514010077315334,33384,3140,2171
2023,구로구,171610,470.2,77.4,69.63988112580853,415651,184096,19.24306689987513,5050578.0,27.434479836606982,9213101.12307077,0.9780370769398408,51955,5848,3891
2023,금천구,101244,277.4,53.1,64.18948283355063,241105,120381,18.805914435619336,3451126.0,28.668361286249493,5199378.435670131,1.1137635729307742,47935,3533,1633
2023,노원구,140139,383.9,111.2,73.26368819529182,502925,217904,19.17224238206492,5579980.0,25.607515236067258,11597635.095992483,0.9098043407647182,38439,6776,3853
2023,도봉구,102431,280.6,74.0,56.691821811756206,309494,138261,22.758437966487232,3242327.0,23.450770643927065,6249391.659352851,0.8933754827725406,25580,5491,971
2023,동대문구,113337,310.5,85.8,63.96322471920026,359873,172801,18.626015288726855,4579931.0,26.504076943999166,8285277.150682386,0.9819145793784808,42782,4252,6674
2023,동작구,116719,319.8,78.8,68.28365561733737,389714,186675,18.08351765653787,4831571.0,25.882260613365474,8924512.48080909,0.9037246935108252,27441,2345,1261
2023,마포구,135308,370.7,78.8,61.57655127560824,375162,181090,15.43200004264824,5959359.0,32.90827212988017,10736237.260362118,1.1038458675694518,55741,4128,4611
2023,서대문구,97594,267.4,61.0,62.17287948029592,320629,146845,18.12468616375936,4116315.0,28.031700091933672,8542739.081247456,1.0452360877092923,28401,3721,5077
2023,서초구,178090,487.9,138.1,62.70818125666797,412078,169884,15.934119268682142,6555818.0,38.589967271785454,13398923.25069186,1.2936967356983136,70510,4435,11935
2023,성동구,106823,292.7,75.8,63.8495455098621,284766,133089,17.369348868895866,4980856.0,37.42500131490957,8093737.537842414,1.0816943699969066,40674,3165,1535
2023,성북구,123724,339.0,92.4,67.24968478225728,438168,196800,18.35232148399701,5495217.0,27.922850609756097,9983634.52791015,0.9112721798258988,35548,3920,637
2023,송파구,262182,718.3,187.3,59.533835274732816,660025,285927,16.49846596719821,8990011.0,31.4416302063114,17672456.12389232,1.0162551122827832,74893,8800,5384
2023,양천구,115678,316.9,82.1,68.05529141236882,439252,180695,17.374309052662255,4924643.0,27.25389745150668,8721766.583858117,0.907079188706233,38114,6563,1099
2023,영등포구,166688,456.7,133.2,68.96957189479747,397800,190737,16.97058823529412,5731058.0,30.046912764696938,11345815.831818148,1.208910307609147,74558,6282,4588
2023,용산구,208742,571.9,63.2,82.39501394065401,227106,107825,17.50151911442234,3634526.0,33.70763737537677,6765581.624803395,1.1601075544055504,28363,1701,645
2023,은평구,123761,339.1,72.6,59.8233692358659,470869,215721,19.9242252091346,5192988.0,24.07270502176422,10064683.786331205,0.855890412098057,36201,4716,7025
2023,종로구,97419,266.9,79.9,56.0794095607633,150453,72067,19.118262846204463,2677305.0,37.150221321825526,6708105.782299999,1.5484354011965284,46977,1916,20268
2023,중구,132481,363.0,101.7,59.428144413161135,131793,64714,19.667205390271107,3291386.0,50.86049386531508,6341924.602071571,1.8561365027775631,67202,2325,9012
2023,중랑구,96847,265.3,79.9,59.1489669272151,387470,188097,20.377061449918703,4185785.0,22.25333205739592,8206807.947511166,0.8750505401497152,40964,6613,2474
