adstrd_code_se,gu,weekday_work_pop,weekday_home_pop,weekend_all_pop,weekend_active_pop,living_pop_avg,L1_work_home_ratio,L2_weekend_active_ratio,L2_weekend_all_ratio,weekend_home_ratio,biz_total,emp_total,B1_avg_emp_per_biz,B2_office_emp_ratio,B2_office_emp_ratio_no_support,B3_consumption_tourism_emp_ratio,B4_life_service_emp_ratio,B5_industrial_logistics_emp_ratio,public_admin_emp_ratio,food_accom_emp_ratio,food_accom_biz_ratio,consumption_total,log_consumption_total
11110,종로구,356622.6333870229,217492.88523683205,243718.45564250802,283804.62246233976,274742.7659195241,1.6396979285032238,0.7958121439654736,0.6834071447675443,1.120581279599645,46830,265635,5.672325432415119,0.3766032337606114,0.3076025373162422,0.2701902987181659,0.15813804656765862,0.13232443013910064,0.06238259265533533,0.09311272987369887,0.147939355114243,589762071000.0,27.102985023021336
11140,중구,387392.2956849873,187614.83424971375,203216.35924691506,243974.74971129806,263553.1021396858,2.0648276413440283,0.6297873045717178,0.5245751180662687,1.0831572037445387,67098,399960,5.960833407851203,0.4966121612161216,0.4104610461046105,0.2769001900190019,0.0744874487448745,0.1190969096909691,0.032893289328932894,0.0777952795279528,0.09910876628215447,7467965148000.0,29.64164367475206
11170,용산구,296535.86537522264,250442.3132701336,269532.71979807696,289242.9285492789,272364.8750315346,1.1840485799033942,0.9754062234033121,0.9089380114510697,1.076226761678854,27854,157564,5.6567817907661375,0.3918978954583534,0.31122591454900866,0.3446028280571704,0.14191058871315781,0.08411185296133634,0.03746414155517758,0.11182757482673707,0.1754146621670137,699893286000.0,27.27419371179835
11200,성동구,356220.38521377224,326027.9890168575,320335.5407195513,324808.5250972756,335217.0307624203,1.0926067614254849,0.9118190271518404,0.8992622376939883,0.9825400011990632,39264,201023,5.119778932355338,0.3511289752913846,0.264218522258647,0.26692468026046773,0.1505748098476294,0.20627987842187212,0.025076732513195008,0.06914134203548848,0.11473614506927465,260187585000.0,26.28466868859288
11215,광진구,342967.33444255724,365714.92980874685,359441.28914166667,359217.5530262019,355790.35707009333,0.9377996534675639,1.0473812429106608,1.048033596919326,0.9828455440133084,33295,125475,3.76858387145217,0.21456863917114963,0.14399681211396692,0.29818688981868896,0.2736481370790994,0.18191671647738594,0.031631799163179916,0.11570432357043235,0.15056314761976272,266508231000.0,26.308670965632583
11230,동대문구,338726.60686812975,344869.0255457061,335075.17152656254,330981.7045398237,339887.55651632516,0.982189126240442,0.9771352407184204,0.9892201106510987,0.971601236139876,43129,145719,3.3786779197291845,0.18889094764581146,0.12482929473850356,0.3177554059525525,0.2846162820222483,0.17922165263280698,0.02950198670043028,0.09068137991613996,0.11567622713255582,248544523000.0,26.23888783344064
11260,중랑구,302417.00332563615,356813.39526205475,345201.1715088141,331828.1977108974,334044.00014181464,0.8475494679888119,1.097253772313827,1.1414740828481422,0.9674557516409599,42344,115477,2.7271160022671452,0.11285364185075816,0.07698502732145796,0.2727123150064515,0.26813997592594196,0.30264035262433214,0.04365371459251626,0.08988802965092615,0.10353296807103722,184746525000.0,25.942250587401617
11290,성북구,387343.14443447837,431565.0426173346,410643.03933814104,395697.25183277245,409791.93605178734,0.897531324792524,1.0215677171994126,1.0601531103323916,0.9515206255995463,35561,125573,3.531199910013779,0.18279407197407085,0.12240688683076777,0.26285905409602384,0.3672047335016285,0.1552164876207465,0.03191768931219291,0.09880308665079277,0.13123927898540536,229183453000.0,26.157788624595327
11305,강북구,246977.08733632314,282813.07746513997,276281.46098120994,266892.8547081731,268130.5560957309,0.8732873654570162,1.080638117432851,1.118652195476665,0.976904828650524,25636,75722,2.953736932438758,0.15632180872137555,0.10757771849660601,0.30277858482343306,0.2940228731412271,0.19974379968833364,0.0471329336256306,0.12623808140302686,0.1466687470744266,164900736000.0,25.828609529819165
11320,도봉구,235126.91912366412,271465.1288249046,265730.35896314104,257856.15386722758,256829.27763232013,0.8661404142088589,1.0966679392911582,1.1301571081420123,0.9788747457672086,25298,80087,3.1657443276148314,0.1782311735987114,0.11835878482150661,0.24994068950016857,0.31561926405034524,0.19461335797320414,0.061595514877570645,0.08465793449623535,0.11012728278915329,139475608000.0,25.66115556987983
11350,노원구,438421.405958715,493057.8764310433,478856.32861522434,466379.30170584936,469466.7873471084,0.8891885251528489,1.0637694587151776,1.0922284407352068,0.9711969963473343,38579,132355,3.4307524819202158,0.16635563446790827,0.11788749952778513,0.2600506214347777,0.38318915039099394,0.1590646367723169,0.03130217974387065,0.09951267424728949,0.11379247777288162,338872572000.0,26.548889979858718
11380,은평구,373118.87273498724,452125.01988699107,433042.47127311694,412643.15898349363,418424.49985214026,0.8252559719615794,1.1059294748582151,1.1606018963846174,0.9577936460613398,36093,107935,2.990469066023883,0.12573308009450132,0.10155185991569,0.2982721082132765,0.3565293926900449,0.1680548478250799,0.05137351183582712,0.11287348867373882,0.1268944116587704,245662866000.0,26.227225969524355
11410,서대문구,379418.8239107824,345867.495509701,332702.6847778446,329825.2441133814,354135.4837731671,1.0970063068564369,0.8692906712265216,0.876874482263635,0.9619368373646804,28468,117330,4.121469720387804,0.21231569078667006,0.1702463138157334,0.2431858859626694,0.36024034773715163,0.1340492627631467,0.05020881275036223,0.10414216312963437,0.15241674863004076,336060617000.0,26.540557388379167
11440,마포구,463808.80063514627,417359.328083715,434461.6883331731,459113.4104384616,438844.3728109859,1.1112937208441027,0.9898764529904246,0.9367258399112203,1.0409775440457574,56080,274900,4.901925820256776,0.4411713350309203,0.3269407057111677,0.2619534376136777,0.14967624590760276,0.1244598035649327,0.02269552564568934,0.10261913423062932,0.16784950071326676,2694122014000.0,28.62209348390856
11470,양천구,336145.6093697519,382377.3839978372,370888.72500228364,361418.3142169872,362565.40855571494,0.8790938571085919,1.0751838017299102,1.1033573387963405,0.9699546587315464,37760,130568,3.4578389830508476,0.16674070216285766,0.1147677838367747,0.2632038478034434,0.32544727651491945,0.18975552968568102,0.05483732614423136,0.08937871453955028,0.10079449152542373,292702788000.0,26.40242355571334
11500,강서구,525537.581149173,544553.682617939,528559.340356891,519388.4103802885,533202.5326519354,0.9650794731984068,0.9882992748959297,1.00574984419023,0.9706285298004869,60611,312532,5.156357756842818,0.32373964905993624,0.23883954283081413,0.22278998630540234,0.17887128358056134,0.2555162351375219,0.018999654435385815,0.06778505880997786,0.11125043308970319,618933745000.0,27.151264068362714
11530,구로구,380959.4694482188,389464.5739673346,379240.20734266826,375493.8184464743,383515.11270785524,0.978162058663058,0.9856529330806216,0.995487020947292,0.9737476337821579,51832,232534,4.486301898441117,0.3930263961399193,0.2774906035246459,0.2438095074268709,0.16759699656824378,0.17386274695313372,0.02164414666242356,0.058804303886743445,0.09380305602716468,4592178305000.0,29.155375603678248
11545,금천구,240082.7634076654,206161.01618438296,196821.15629258813,193942.30805048076,215648.45732510244,1.1645400660663414,0.8078143774160196,0.8198054433353128,0.9546962851432513,48067,257675,5.360746458068945,0.45911710488017854,0.3608537886872999,0.20053943921606676,0.08271660036868148,0.24149413020277483,0.01612884447462889,0.03849034636654701,0.07599808600495142,201806121000.0,26.03057327642276
11560,영등포구,541636.9942674936,431637.3226673028,442866.70915781247,470240.1911298878,474199.6537455487,1.2548428178556197,0.868183296389933,0.8176448688789113,1.0260157912692018,74118,442395,5.9687930057475915,0.554332666508437,0.38314854372223917,0.1880107144068084,0.10210106352919902,0.1319793397303315,0.02356717413171487,0.05715480509499429,0.1013518983242937,1604124493000.0,28.10359923645145
11590,동작구,343125.1443922074,390720.2405861005,370959.0178543269,358456.4187329327,368069.6264727004,0.878186253871829,1.0446812907514613,1.0811187227663623,0.9494236011368884,27532,109155,3.964659305535377,0.2732811140121845,0.2108011543218359,0.2604553158352801,0.32771746598873164,0.10206586963492281,0.0364619119600568,0.10599606064770281,0.14891762312944937,486085288000.0,26.909649935164378
11620,관악구,406690.5678944338,486923.9666981234,459782.1143835737,439098.3915576923,450494.10909157555,0.8352239686459475,1.0796866861974304,1.1305453105637824,0.9442585410231477,37657,125747,3.339272910747006,0.19138428749791248,0.13940690433966615,0.28763310456710695,0.33499805164337915,0.15247282241325838,0.0334640190223226,0.12805872108280913,0.1589611493215073,321794259000.0,26.4971782310752
11650,서초구,674348.1378579198,498174.79559707374,507190.7604361779,542387.4422699519,563793.2878906192,1.3536376063540074,0.8043136946931542,0.7521200578195105,1.0180979947576398,72068,493979,6.854345895543098,0.4692527415133032,0.33580982187501895,0.21222764530475993,0.14622686389502387,0.14543938102631893,0.02667927179090609,0.054569121359410014,0.088860520619415,1682955913000.0,28.15157283531045
11680,강남구,1010432.3796989503,713583.2765984415,723852.9432297676,771558.0406905449,822750.7023793829,1.4159978419275039,0.7635919594346571,0.7163794013068281,1.0143916862517859,101160,755251,7.4659054962435745,0.47877990231062256,0.3850163720405534,0.26352695991134073,0.14278299532208497,0.10372842935659801,0.01098839988295282,0.06683341034967183,0.10876828786081455,7349591305000.0,29.625665822845523
11710,송파구,736034.6524618956,729928.8124717239,731292.7691402645,747599.1733418269,732501.8084614526,1.0083649800992178,1.0157119244878623,0.9935575270732561,1.001868616014652,75957,418595,5.510946983161525,0.3257587883276198,0.26383974963867224,0.29147505345262126,0.14947861297913256,0.2135309786308962,0.019575006868213906,0.07003428134593104,0.10549389786326474,1005726734000.0,27.636731514524396
11740,강동구,470363.0208942748,529217.2319308206,508808.1999300882,491208.54152836534,502352.63910605654,0.8887900705314916,1.044317941054248,1.0817351222949452,0.9614354356409159,43775,169270,3.8668189605939465,0.230578365924263,0.13479647899805045,0.2687008920659302,0.2576475453417617,0.21297926389791458,0.029497252909552785,0.08473444792343593,0.11785265562535693,417853383000.0,26.75839644957025
