district,year,total_population,pop_0_14,pop_15_64,pop_65p,population_density,age_0_14_ratio,age_15_64_ratio,age_65_plus_ratio,area,total_households,single_households,avg_household_size,single_household_ratio,num_businesses,num_workers,worker_density,consumption_total,working_population,working_pop_ratio,living_population,living_pop_ratio,residential_area,commercial_area,residential_ratio,commercial_ratio,total_housing,apartment_count,non_apartment_count,apartment_ratio,non_apartment_ratio,housing_density,cluster,cluster_name
강남구,2020,539231,65904,398368,74959,13651.417721518988,0.1222184926311729,0.7387705825518192,0.1390109248170079,39.5,212582,68999,2.5365788260530056,0.3245759283476493,115054,838446,1.5548920592473356,7979864832000,941486.75,1.7459803868842851,835568.1375505466,1.549555084092989,24.228249,1.946139,0.6133733924050634,0.0492693417721519,173745,126023,45985,0.7253331031108808,0.2646694868917091,4398.607594936709,3,균형형 혼합 주거지
강남구,2021,533042,64520,390444,78078,13494.73417721519,0.1210411187110959,0.7324826186304269,0.1464762626584771,39.5,214939,71986,2.479968735315601,0.3349136266568654,110007,801419,1.5034819019889614,8721153911000,956383.5,1.794199143782291,812843.8369956166,1.5249151792834643,24.227238,1.94715,0.6133477974683544,0.0492949367088607,175536,128437,45467,0.7316846686719534,0.2590180931546805,4443.949367088608,3,균형형 혼합 주거지
강남구,2022,529102,62278,385260,81564,13394.987341772152,0.117705092779842,0.7281393757725354,0.1541555314476225,39.5,216165,73579,2.4476765433812133,0.3403835033423542,107804,802908,1.517491901372514,10200735469000,935745.25,1.7685536059209754,839128.7163561644,1.5859488649753062,24.224319,1.950069,0.6132738987341773,0.0493688354430379,178493,131599,45341,0.7372782125909699,0.2540211660961494,4518.810126582279,3,균형형 혼합 주거지
강남구,2023,544873,63911,394528,86434,13794.253164556962,0.1172952229235069,0.7240733161672537,0.1586314609092394,39.5,222421,76809,2.4497372100655963,0.3453316008830101,104299,772567,1.4178845345612647,10518246679000,897607.0,1.6473692034657617,852113.5401008219,1.5638755087897949,24.22946,1.950392,0.6134040506329114,0.0493770126582278,184608,138025,45035,0.7476653232795979,0.2439493413069856,4673.620253164557,3,균형형 혼합 주거지
강남구,2024,557345,65556,400498,91291,14106.42875221463,0.1176219397321228,0.7185818478680172,0.16379621239986,39.51,229978,79274,2.4234709406986754,0.3447025367643861,101160,755251,1.355087064565036,7349591305000,1028384.75,1.845149324027308,860514.8447095628,1.5439536457841423,24.189066,1.677377,0.6122264236902051,0.0424544925335358,192220,145996,44695,0.7595255436479035,0.2325200291332848,4865.097443685143,3,균형형 혼합 주거지
강동구,2020,459970,54071,335996,69903,18705.5713704758,0.1175533186946974,0.7304737265473835,0.151972954757919,24.59,179794,50316,2.55831674026942,0.2798536102428334,40978,164769,0.3582168402287106,649802226000,51800.75,0.1126176707176555,515266.34702896175,1.1202172903210248,12.965432,0.680697,0.5272644164294429,0.0276818625457503,137876,87159,49632,0.6321549798369549,0.3599756302764803,5606.994713298089,1,신흥 아파트 주거지
강동구,2021,462664,54212,334509,73943,18815.128100854006,0.1171735860149049,0.7230063285667353,0.1598200854183597,24.59,188073,56905,2.4600235015127105,0.3025686834367506,41660,157465,0.3403441806581018,636673669000,50997.0,0.1102246987014334,513315.2091569863,1.1094773078454043,12.962557,0.683572,0.5271474989833266,0.0277987799918666,146249,94531,50661,0.6463702315913271,0.3464023685632038,5947.498983326555,1,신흥 아파트 주거지
강동구,2022,460067,52544,329332,78191,18709.516063440424,0.1142094521015417,0.7158348675301641,0.1699556803682941,24.59,190304,59752,2.4175372036320835,0.313981839582983,43157,164833,0.3582804243729717,627778027000,49302.5,0.1071637391945086,510200.9443375343,1.1089709636586285,12.945168,0.700961,0.5264403416022774,0.0285059373729158,148323,95721,51561,0.6453550696790114,0.3476264638660221,6031.842212281415,1,신흥 아파트 주거지
강동구,2023,459167,50751,325601,82815,18672.9158194388,0.1105284134095002,0.7091123708803115,0.1803592157101882,24.59,192312,62943,2.3876149174258496,0.3272962685635842,43358,162732,0.3544070022453704,630380204000,49476.0,0.1077516459153205,508275.6957879452,1.1069517099180586,12.945168,0.700961,0.5264403416022774,0.0285059373729158,151178,97890,52246,0.6475148500443186,0.3455926126817394,6147.946319642131,1,신흥 아파트 주거지
강동구,2024,476942,52012,335243,89687,19395.770638470924,0.1090530924095592,0.7029009816707272,0.1880459259197135,24.59,197160,65601,2.419060661391763,0.3327297626293365,43775,169270,0.3549068859525896,417853383000,49572.5,0.1039382147095454,512383.2503538252,1.0743093507257175,12.94857,0.697588,0.5265786905246035,0.0283687677917852,155312,101647,52620,0.6544697125785516,0.3388018955393015,6316.063440422936,1,신흥 아파트 주거지
강북구,2020,308055,25762,218980,63313,13053.177966101694,0.0836279235850741,0.7108470889938485,0.2055249874210774,23.6,131884,45685,2.335802675078099,0.346402899517758,26711,83276,0.2703283504568989,196341010000,17085.5,0.055462498579799,309812.85621502734,1.0057063063901814,10.979002,0.272237,0.4652119491525423,0.0115354661016949,97452,34733,61677,0.3564113614907852,0.6328961950498707,4129.322033898305,2,고령화 원도심
강북구,2021,299182,23870,211094,64218,12677.203389830507,0.079784211617009,0.7055705222907795,0.2146452660922114,23.6,132458,48428,2.258693321656676,0.3656102311676154,26385,80222,0.2681377890381106,198886074000,16433.25,0.0549272683517056,299895.5508671233,1.0023850060067896,10.898942,0.272237,0.4618195762711864,0.0115354661016949,97840,34875,61954,0.3564493049877351,0.6332174979558463,4145.762711864407,2,고령화 원도심
강북구,2022,293660,22123,205367,66170,12443.22033898305,0.075335421916502,0.6993359667642852,0.2253286113192127,23.6,133870,51134,2.1936206767759767,0.3819675804885336,26114,79859,0.2719437444663897,227142260000,16380.5,0.0557804944493632,292468.1501819178,0.9959413954298094,10.89043,0.280749,0.4614588983050847,0.0118961440677966,99477,35997,62484,0.3618625410899002,0.6281250942428903,4215.127118644067,2,고령화 원도심
강북구,2023,288113,20587,199053,68473,12208.177966101694,0.0714546028815083,0.6908851735256653,0.2376602235928264,23.6,134438,52659,2.1430919829214954,0.3916972879691753,26310,77797,0.2700225258839414,240955361000,15843.75,0.0549914443291347,284456.8634468493,0.9873100604514524,10.89043,0.280749,0.4614588983050847,0.0118961440677966,100418,36541,62882,0.3638889442131888,0.6262024736601007,4255.0,2,고령화 원도심
강북구,2024,283597,19127,193243,71227,12016.822033898305,0.0674442959551758,0.6814000148097477,0.2511556892350765,23.6,134478,53705,2.108872826782076,0.3993590029595919,25636,75722,0.2670056453347532,164900736000,16604.5,0.0585496320482938,274976.1423587432,0.9696017318897704,10.880451,0.290728,0.4610360593220339,0.0123189830508474,101800,37754,63048,0.3708644400785855,0.6193320235756385,4313.559322033898,2,고령화 원도심
강서구,2020,580185,60762,430690,88733,14000.603281853282,0.104728664132992,0.7423321871472031,0.1529391487198048,41.44,247202,86172,2.347007710293606,0.3485894127070169,58788,280238,0.4830149004196937,667212751000,69556.5,0.119886760257504,556399.4417748634,0.9590034933251694,14.717824,1.323788,0.3551598455598456,0.0319446911196911,195383,113767,80480,0.5822768613441293,0.4119089173571907,4714.840733590734,2,고령화 원도심
강서구,2021,574315,57891,424088,92336,13855.609167671892,0.1008000835778274,0.7384240355902248,0.1607758808319476,41.45,253018,94436,2.269858270953055,0.3732382676331328,58806,290473,0.5057729643140089,748838906000,70518.5,0.1227871464266125,552296.5776706849,0.9616614186825782,14.712457,1.329155,0.3549446803377563,0.0320664656212303,199556,116965,81482,0.5861262001643649,0.408316462546854,4814.37876960193,2,고령화 원도심
강서구,2022,569166,54744,417542,96880,13731.387213510252,0.0961828359389,0.7336032018778353,0.1702139621832646,41.45,257613,100695,2.2093838432066706,0.3908770131942099,59660,299324,0.525899298271506,861564105000,69360.75,0.1218638323441667,551871.9777512329,0.9696151522600313,14.714586,1.327026,0.3549960434258142,0.0320151025331724,201611,117945,82593,0.5850127225201006,0.4096651472389899,4863.956574185766,2,고령화 원도심
강서구,2023,563058,51673,409577,101808,13584.02895054282,0.0917720732144823,0.727415292918314,0.1808126338672037,41.45,258700,104509,2.1764901430228063,0.403977580208736,59969,306659,0.5446312813244817,860269748000,59950.5,0.1064730454056242,551106.2104156164,0.9787734308288248,14.714586,1.327026,0.3549960434258142,0.0320151025331724,203887,119305,83506,0.5851525599964686,0.4095700069155954,4918.866103739445,2,고령화 원도심
강서구,2024,556171,49043,399882,107246,13417.876960193003,0.0881797145122633,0.7189911016575837,0.1928291838301529,41.45,259211,106748,2.145630393771869,0.4118189428689369,60611,312532,0.561935088309171,618933745000,65986.5,0.1186442658822556,550045.1179131147,0.9889856139804388,14.718284,1.324125,0.3550852593486128,0.0319451145958986,204363,119521,83779,0.5848465720311407,0.4099518993164124,4930.349819059107,2,고령화 원도심
관악구,2020,495060,35103,381527,78430,16741.968211024687,0.0709065567809962,0.7706682018341211,0.1584252413848826,29.57,259822,129233,1.9053813764808212,0.4973905212029774,38639,135681,0.2740698097200339,381287535000,40283.5,0.0813709449359673,512831.3719953552,1.035897410405517,15.325411,0.392024,0.5182756509976327,0.0132574907000338,127568,55417,70237,0.4344114511476232,0.5505847861532672,4314.102130537707,2,고령화 원도심
관악구,2021,485699,32194,374134,79371,16425.39736219141,0.0662838506976543,0.7703001241509659,0.1634160251513797,29.57,263380,136255,1.8440997797858607,0.5173323714784722,37915,128417,0.2643962618823592,383840262000,40358.75,0.0830941591397141,492855.4642454795,1.014734360674985,15.325411,0.392024,0.5182756509976327,0.0132574907000338,127783,55524,70337,0.4345178936165217,0.5504409819772583,4321.3730131890425,2,고령화 원도심
관악구,2022,486752,29963,374941,81848,16461.007778153533,0.0615570146604431,0.7702916474919466,0.1681513378476102,29.57,271474,145433,1.7929967510700842,0.5357161275112902,36814,126395,0.2596702222076129,438332503000,41825.75,0.0859282550456906,488292.0498293151,1.0031639311791531,15.323632,0.393803,0.5182154886709502,0.0133176530267162,129778,57133,70763,0.4402364037047881,0.5452619087981013,4388.840040581671,2,고령화 원도심
관악구,2023,481956,27673,369521,84762,16298.81636794048,0.0574181045572624,0.7667110690602461,0.1758708263824913,29.57,275312,150745,1.7505811588307083,0.5475424245946418,37689,126925,0.2633539161251234,469398021000,41985.75,0.087115317580858,479711.9926567124,0.9953439580723392,15.323632,0.393803,0.5182154886709502,0.0133176530267162,130244,57467,70897,0.4412256994564049,0.5443398544270753,4404.599256002705,2,고령화 원도심
관악구,2024,477812,25801,363873,88138,16158.674332093338,0.0539982252434011,0.7615401036390882,0.1844616711175106,29.57,277394,153605,1.7225030101588354,0.553743051399814,37657,125747,0.2631725448502758,321794259000,41291.0,0.08641683339891,472197.49375901633,0.988249549527882,15.322132,0.395303,0.5181647615826851,0.0133683801149814,130987,57884,71217,0.4419064487315535,0.5436951758571461,4429.726073723368,2,고령화 원도심
광진구,2020,346682,31809,264562,50311,20321.336459554517,0.091752672477948,0.7631258617407307,0.1451214657813212,17.06,160944,62301,2.154053583855254,0.3870973754846406,35423,134230,0.3871847975954909,292141209000,48840.25,0.1408791053472635,392556.82408415305,1.1323253704667475,11.596961,0.203281,0.6797749706916765,0.0119156506447831,89832,32135,56244,0.3577233057262445,0.6261020571733903,5265.650644783119,2,고령화 원도심
광진구,2021,339996,29611,258935,51450,19929.42555685815,0.0870922010847186,0.7615824892057553,0.1513253097095259,17.06,162785,66140,2.0886199588414165,0.4063027920262923,33706,129707,0.3814956646548783,297992287000,51278.75,0.1508216273132625,377494.80918958905,1.1102919128154127,11.593626,0.206616,0.6795794841735053,0.0121111371629542,91432,32571,57441,0.3562319538017324,0.6282373785983025,5359.437280187573,2,고령화 원도심
광진구,2022,337416,27958,255721,53737,19778.194607268462,0.0828591412381155,0.7578804798824004,0.159260378879484,17.06,166046,69391,2.0320634041169314,0.417902268046204,33325,129917,0.3850350902150461,361531136000,51289.5,0.1520067216729497,381946.68653178087,1.131975622174944,11.593626,0.206616,0.6795794841735053,0.0121111371629542,93555,33862,58299,0.3619475175030731,0.6231521564854898,5483.88042203986,2,고령화 원도심
광진구,2023,335554,26461,252632,56461,19669.050410316533,0.0788576503334783,0.7528803113656818,0.1682620383008398,17.06,168848,71959,1.9873140339240027,0.4261762058182507,33384,127974,0.3813812381911704,391277197000,48716.5,0.1451822955470654,383935.3382720548,1.1441834645751647,11.593626,0.206616,0.6795794841735053,0.0121111371629542,95286,35072,58831,0.3680708603572403,0.6174149402850366,5585.345838218054,2,고령화 원도심
광진구,2024,331963,25013,247616,59334,19458.558030480657,0.0753487587472097,0.7459144543217165,0.1787367869310736,17.06,169231,72933,1.961596870549722,0.4309671395902641,33295,125475,0.3779788711392535,266508231000,44239.5,0.1332663579977286,379817.2396292349,1.1441553414965973,11.603371,0.208967,0.6801507033997656,0.0122489449003517,95631,35199,59043,0.3680710229946356,0.6174043981554098,5605.56858147714,2,고령화 원도심
구로구,2020,404408,42885,292322,69201,20099.80119284294,0.1060438962631797,0.7228393107950387,0.1711167929417815,20.12,182636,50971,2.214284149893778,0.2790851748833746,53547,239168,0.5914027417855235,3836243974000,110741.25,0.2738354582500841,424462.3628538252,1.0495894315983492,10.269448,0.513589,0.5104099403578529,0.0255262922465208,133012,83459,48714,0.6274546657444441,0.3662376326947945,6610.934393638171,1,신흥 아파트 주거지
구로구,2021,396754,40460,284849,71445,19719.38369781312,0.1019775478004002,0.7179486533217057,0.1800737988778941,20.12,184821,54980,2.14669328701825,0.297477018304197,52791,240689,0.6066454276453419,4107281876000,119931.5,0.302281766535435,418949.6342235617,1.0559430635193638,10.269486,0.513589,0.5104118290258449,0.0255262922465208,134367,83841,49694,0.6239701712474045,0.3698378322058243,6678.280318091451,1,신흥 아파트 주거지
구로구,2022,395315,38592,282232,74491,19647.86282306163,0.0976234142392775,0.7139420462163085,0.1884345395444139,20.12,188054,58977,2.102135556808151,0.3136173652248822,52988,242640,0.6137890037059054,5181315412000,124966.0,0.3161175265294765,420231.3266060274,1.0630290441952048,10.269486,0.513589,0.5104118290258449,0.0255262922465208,137403,86340,50251,0.6283705595947686,0.3657198168890053,6829.17495029821,1,신흥 아파트 주거지
구로구,2023,392405,36428,277600,78377,19503.230616302186,0.0928326601343,0.7074323721665117,0.1997349676991883,20.12,190000,61318,2.0652894736842105,0.3227263157894737,51955,235229,0.5994546450733299,5597409031000,123057.5,0.3135981957416445,419740.7328726027,1.0696620401692198,10.266784,0.516291,0.5102775347912525,0.0256605864811133,137863,86368,50687,0.6264770097850765,0.3676620993304947,6852.037773359841,1,신흥 아파트 주거지
구로구,2024,388169,34657,271485,82027,19292.69383697813,0.0892832760988126,0.6993989731276841,0.2113177507735033,20.12,190182,62632,2.041039635717365,0.3293266450032074,51832,232534,0.5990535050454827,4592178305000,126978.25,0.3271210477910394,418101.7753825137,1.077112740539594,10.240299,0.542738,0.5089611829025845,0.0269750497017892,137950,86464,50678,0.6267778180500181,0.3673649873142443,6856.361829025845,1,신흥 아파트 주거지
금천구,2020,231733,19233,173186,39314,17798.233486943165,0.0829963794539405,0.7473514777783052,0.1696521427677542,13.02,115254,42334,2.0106286983532025,0.3673104621097749,47354,262665,1.1334812046622622,441724161000,112988.25,0.4875794556666508,243564.94955846996,1.051058543921107,5.845488,0.149622,0.4489622119815668,0.0114917050691244,68804,31689,36580,0.4605691529562234,0.5316551363292832,5284.485407066052,2,고령화 원도심
금천구,2021,230811,18186,172183,40442,17727.419354838712,0.0787917386952961,0.7459913089064213,0.1752169523982825,13.02,118852,46827,1.9420035001514488,0.3939942112879884,47964,255449,1.1067453457590843,410351022000,119845.0,0.5192343519156366,237785.97719972604,1.0302194314817146,5.845488,0.149622,0.4489622119815668,0.0114917050691244,71117,32995,37601,0.4639537663287259,0.5287202778519904,5462.135176651306,2,고령화 원도심
금천구,2022,229642,17065,170351,42226,17637.634408602153,0.0743113193579571,0.7418111669468128,0.1838775136952299,13.02,121987,50528,1.882512070958381,0.4142080713518654,48438,256316,1.1161547103752798,278418839000,119743.75,0.5214366274461989,236887.41547534245,1.0315509161013336,5.844151,0.150959,0.4488595238095238,0.0115943932411674,72044,33231,38305,0.4612597856865249,0.5316889678529787,5533.333333333334,2,고령화 원도심
금천구,2023,227481,15969,166981,44531,17471.658986175116,0.0701992693895314,0.7340437223328542,0.1957570082776143,13.02,123220,52033,1.8461369907482552,0.4222772277227722,47935,256009,1.1254082758560056,297595747000,119524.25,0.5254252003464026,235221.1663460274,1.0340255509076688,5.844151,0.150959,0.4488595238095238,0.0115943932411674,72901,33513,38884,0.4597056281806834,0.5333808864075938,5599.15514592934,2,고령화 원도심
금천구,2024,225159,14911,163211,47037,17293.317972350233,0.0662243125968759,0.7248699807691453,0.2089057066339786,13.02,124012,53858,1.8156226816759669,0.4342966809663581,48067,257675,1.144413503346524,201806121000,122202.0,0.5427364662305304,233395.43554262296,1.036580529948272,5.845488,0.149622,0.4489622119815668,0.0114917050691244,72667,33113,39043,0.4556813959568992,0.5372865262085954,5581.182795698925,2,고령화 원도심
노원구,2020,523037,57456,380161,85420,14758.380361173817,0.1098507371371432,0.7268338568781941,0.1633154059846626,35.44,204210,56438,2.561270261005828,0.2763723617844376,37442,127454,0.2436806573913509,394027574000,25818.5,0.0493626645916063,533431.4685718579,1.019873294952093,13.978881,0.59048,0.3944379514672686,0.0166613995485327,189213,163502,25015,0.8641161019591677,0.1322055038501582,5338.967268623025,1,신흥 아파트 주거지
노원구,2021,510956,54122,368563,88271,14417.494356659145,0.1059230148975645,0.7213204268077877,0.1727565582946476,35.44,205936,60647,2.48113977157952,0.2944944060290576,37909,133398,0.261075317639875,407592144000,26685.0,0.0522256319526534,514361.09410136985,1.006664163061731,13.965787,0.603574,0.3940684819413093,0.0170308690744921,190352,164583,25086,0.8646244851643271,0.1317874254013616,5371.106094808127,1,신흥 아파트 주거지
노원구,2022,503734,50770,361018,91946,14213.713318284425,0.1007873202920589,0.7166838053417082,0.1825288743662329,35.44,206796,63022,2.43589817984874,0.3047544439931139,38018,129198,0.2564806028578575,461988513000,29393.0,0.058350240404658,502084.08821945207,0.9967246368509016,13.965787,0.603574,0.3940684819413093,0.0170308690744921,192022,166131,25218,0.865166491339534,0.1313287019195717,5418.227990970655,1,신흥 아파트 주거지
노원구,2023,498213,47852,354052,96309,14057.928893905191,0.0960472729535359,0.7106438410880487,0.1933088859584154,35.44,207589,65275,2.3999971096734414,0.3144434435350621,38439,130553,0.2620425400380962,492829008000,29625.25,0.0594630208364695,489537.23424684926,0.9825862316857432,14.093944,0.475417,0.3976846501128668,0.0134147009029345,192926,167100,25158,0.8661352020982138,0.1304023304272104,5443.735891647856,1,신흥 아파트 주거지
노원구,2024,491247,45350,345430,100467,13861.371331828444,0.0923160853908522,0.7031696885680727,0.204514226041075,35.44,207675,67182,2.36546045503792,0.3234958468761286,38579,132355,0.2694265817399394,338872572000,35384.75,0.0720304653259969,475440.2428696721,0.9678231986549988,14.045011,0.472526,0.3963039221218962,0.0133331264108352,192808,166952,25183,0.8658976805941662,0.1306118003402348,5440.4063205417615,1,신흥 아파트 주거지
도봉구,2020,325257,30478,232770,62009,15750.94430992736,0.0937043630114033,0.7156494710336749,0.1906461659549218,20.65,128378,34884,2.5335883095234384,0.2717288008848868,25607,79429,0.2442038142146056,162401015000,19952.75,0.061344567526602,285376.2238079235,0.8773868780930879,8.089653,0.258659,0.3917507506053269,0.0125258595641646,107156,65032,41398,0.6068908880510657,0.3863339430363209,5189.152542372882,1,신흥 아파트 주거지
도봉구,2021,317366,28488,224764,64114,15368.813559322034,0.0897638688454339,0.7082170112740496,0.2020191198805165,20.65,129498,37853,2.4507405519776366,0.2923056726744814,25391,79097,0.2492295961130052,168252577000,19916.25,0.0627548319605754,278444.1146868493,0.8773596248081058,8.089653,0.258659,0.3917507506053269,0.0125258595641646,107959,65305,41939,0.6049055660019081,0.3884715493844886,5228.038740920098,1,신흥 아파트 주거지
도봉구,2022,311694,26616,218136,66942,15094.140435835352,0.0853914416061907,0.6998402279158406,0.2147683304779687,20.65,130115,39744,2.395527033777812,0.3054528686162241,25193,77618,0.2490198720540016,185334964000,20190.25,0.0647758699237072,272351.50404246576,0.8737784623459732,8.095692,0.258659,0.392043196125908,0.0125258595641646,109190,65664,42820,0.6013737521751076,0.3921604542540525,5287.651331719128,1,신흥 아파트 주거지
도봉구,2023,306948,24811,211763,70374,14864.309927360777,0.0808312808684207,0.689898614749078,0.2292701043825012,20.65,130370,41525,2.354437370560712,0.3185165298765053,25580,80251,0.2614481931793007,198284057000,19666.0,0.0640694840819943,263734.39769671235,0.8592152341657621,8.095692,0.258659,0.392043196125908,0.0125258595641646,109465,65690,43076,0.6001004887406933,0.393513908555246,5300.9685230024215,1,신흥 아파트 주거지
도봉구,2024,303228,23215,205864,74149,14684.164648910411,0.0765595525479177,0.6789082802379728,0.2445321672141095,20.65,131159,43347,2.311911496732973,0.3304919982616519,25298,80087,0.2641147915100189,139475608000,19730.25,0.0650673750445209,260124.1878863388,0.8578501585814594,8.716617,0.267953,0.4221122033898305,0.0129759322033898,109638,65706,43225,0.5992995129425929,0.394251992922162,5309.346246973366,1,신흥 아파트 주거지
동대문구,2020,342837,31846,249379,61612,24109.493670886077,0.0928896239320726,0.727398151308056,0.1797122247598713,14.22,158899,60925,2.157578084191845,0.3834196565113688,43029,148308,0.4325904146868629,298149507000,52499.0,0.1531310797842706,382762.60695327865,1.1164565287681278,13.034193,0.828159,0.9166099156118144,0.0582390295358649,103520,65033,36905,0.6282167697063369,0.3565011591962905,7279.887482419128,1,신흥 아파트 주거지
동대문구,2021,337400,30495,244896,62009,23727.144866385373,0.0903823355068168,0.7258328393598104,0.1837848251333728,14.22,162315,65290,2.078674182915935,0.4022425530604072,42813,146383,0.4338559573206876,318883539000,52028.0,0.154202726733847,369892.1815413699,1.0963016643194128,13.034193,0.828159,0.9166099156118144,0.0582390295358649,104287,66512,36244,0.6377784383480204,0.3475409207283745,7333.825597749648,1,신흥 아파트 주거지
동대문구,2022,336644,29476,242913,64255,23673.980309423347,0.0875583702665129,0.7215723434845118,0.1908692862489751,14.22,166787,68169,2.018406710355124,0.4087189049506256,42491,145879,0.4333331353001984,350301637000,52151.75,0.1549166181485486,374516.3976430137,1.112499844473728,13.041354,0.820999,0.9171135021097048,0.0577355133614627,106441,68445,36498,0.6430322901889309,0.3428941855112222,7485.302390998593,1,신흥 아파트 주거지
동대문구,2023,341149,29103,245256,66790,23990.787623066102,0.0853087653781778,0.7189116778885473,0.1957795567332749,14.22,171039,70959,1.994568490227375,0.4148702927402522,42782,145777,0.4273118197620394,363197673000,51933.0,0.1522296709062609,374936.8845684932,1.0990414293123918,13.036995,0.825357,0.9168069620253164,0.0580419831223628,110169,71810,36851,0.6518167542593651,0.3344951846708239,7747.46835443038,1,신흥 아파트 주거지
동대문구,2024,338735,27853,241568,69314,23821.026722925457,0.0822265192554651,0.7131474456433495,0.2046260351011853,14.22,172439,72355,1.9643758082568328,0.4195976548228649,43129,145719,0.430185838487313,248544523000,52850.0,0.1560216688561855,365109.39329836064,1.0778614353354703,13.037785,0.83094,0.916862517580872,0.0584345991561181,110761,72215,37051,0.6519894186581919,0.3345130506225115,7789.099859353024,1,신흥 아파트 주거지
동작구,2020,391220,37675,288617,64928,23927.82874617737,0.0963013138387608,0.7377358008281785,0.1659628853330607,16.35,174572,64101,2.2410237609696857,0.3671894691015741,28505,110642,0.282812739634988,571085208000,49511.5,0.126556668881959,413754.0940434426,1.05759954512408,13.79293,0.344623,0.8436042813455656,0.0210778593272171,115615,61606,52914,0.5328547333823466,0.4576741772261384,7071.253822629968,1,신흥 아파트 주거지
동작구,2021,385483,35940,283223,66320,23562.53056234719,0.093233683456858,0.7347224131803478,0.1720439033627942,16.36,176665,68231,2.181999830187077,0.3862168511023688,27915,109281,0.283491100774872,587543216000,49802.25,0.1291944132426073,393428.9826024657,1.020613055835058,13.791504,0.346049,0.8430014669926651,0.0211521393643031,119534,65242,53240,0.5458028678033028,0.4453962889219803,7306.479217603912,1,신흥 아파트 주거지
동작구,2022,380596,34036,278688,67872,23263.814180929097,0.0894281600437209,0.7322410114662267,0.1783308284900524,16.36,179771,71782,2.1171156638167448,0.3992968832570325,27120,107069,0.2813192992044057,677600200000,47834.5,0.1256831390766061,396661.33931205474,1.0422110040884685,13.776916,0.360637,0.8421097799511003,0.0220438264058679,120374,65921,53427,0.5476348713177264,0.4438416933889378,7357.823960880196,1,신흥 아파트 주거지
동작구,2023,378769,32543,276137,70089,23152.13936430318,0.0859178021432588,0.7290380152546803,0.1850441826020608,16.36,181307,74443,2.089103013121391,0.4105908762485729,27441,106667,0.2816149156873979,723735295000,40577.25,0.1071292793232814,388401.2294936986,1.0254303533121734,13.776916,0.360637,0.8421097799511003,0.0220438264058679,122058,67675,53364,0.5544495239967884,0.43720198594111,7460.757946210269,1,신흥 아파트 주거지
동작구,2024,375799,30790,272226,72783,22984.64831804281,0.0819320966793418,0.7243925609168731,0.193675342403785,16.35,181275,75148,2.073087849951731,0.4145524755206178,27532,109155,0.2904611241647796,486085288000,39904.5,0.1061857535544267,383222.1108934426,1.0197528755889256,13.776925,0.360637,0.8426253822629969,0.0220573088685015,120989,68782,51210,0.5684979626247014,0.4232616188248518,7399.938837920488,1,신흥 아파트 주거지
마포구,2020,371890,38669,279219,54002,15592.87211740042,0.1039796714082121,0.7508107236010648,0.145209604990723,23.85,166007,63172,2.2402067382700728,0.3805381700771654,58694,285083,0.7665788270725215,2234255866000,109677.75,0.2949198687784022,482952.5670114754,1.2986435962555472,13.391126,0.940188,0.5614727882599581,0.0394208805031446,122311,70307,50403,0.5748215614294708,0.4120888554586259,5128.343815513626,2,고령화 원도심
마포구,2021,368905,37283,277391,54231,15467.714884696015,0.1010639595559832,0.7519307138694243,0.1470053265745923,23.85,169539,67162,2.1759300220008377,0.3961448398303635,56782,279788,0.7584283216546265,4116589460000,110998.5,0.3008864070695707,463401.7083054795,1.256154588052424,13.389995,0.941319,0.5614253668763103,0.0394683018867924,126005,73836,50662,0.585976746954486,0.4020634101821356,5283.228511530398,2,고령화 원도심
마포구,2022,364638,35004,274101,55533,15288.80503144654,0.095996577427476,0.7517071725930923,0.1522962499794316,23.85,171619,70030,2.124694818172813,0.4080550521795372,55516,274678,0.7532895638962478,4187907971000,110581.25,0.3032630992929974,476371.3347594521,1.3064226294556576,13.286201,0.946624,0.5570734171907756,0.0396907337526205,127057,74959,50650,0.5899635596621988,0.3986399804812013,5327.337526205451,2,고령화 원도심
마포구,2023,363697,33305,272888,57504,15249.350104821802,0.0915734801221896,0.750316884659483,0.1581096352183273,23.85,173258,72112,2.0991642521557448,0.4162116612219926,55741,283983,0.7808230477567866,4316935958000,106356.25,0.2924309246433157,484143.83878136985,1.3311735834537262,13.286201,0.946624,0.5570734171907756,0.0396907337526205,129421,77146,50827,0.5960856429791147,0.3927260645490299,5426.457023060796,2,고령화 원도심
마포구,2024,361417,31919,269886,59612,15153.752620545072,0.0883162662520025,0.7467440657191001,0.1649396680288973,23.85,173531,73327,2.082722971688056,0.4225585053967303,56080,274900,0.760617237152652,2694122014000,112488.5,0.3112429686484034,473980.68373306014,1.311450993542252,13.286201,0.946624,0.5570734171907756,0.0396907337526205,129425,77151,50831,0.596105852810508,0.3927448329148155,5426.624737945493,2,고령화 원도심
서대문구,2020,312173,31090,227327,53756,17706.9200226886,0.0995922132919887,0.7282083972669001,0.1721993894411111,17.63,138528,49863,2.2535010972510974,0.3599488911988912,28769,120347,0.3855138016420382,466440751000,35177.0,0.1126843128649819,386089.70600710384,1.2367812270987684,15.439372,0.283546,0.8757442994895066,0.016083153715258,101036,54132,45971,0.5357694287184765,0.4549962389643295,5730.9132161089055,1,신흥 아파트 주거지
서대문구,2021,304819,29460,221537,53822,17289.790130459445,0.0966475186914201,0.726782123161614,0.1765703581469659,17.63,140409,52792,2.1709363359898584,0.3759872942617638,28522,118256,0.3879548190893612,481048070000,36188.25,0.1187204537774876,376648.23341452057,1.2356455254249918,15.439372,0.283546,0.8757442994895066,0.016083153715258,102024,55231,45890,0.5413530149768682,0.4497961264016309,5786.954055587068,1,신흥 아파트 주거지
서대문구,2022,306337,29142,221693,55502,17375.8933635848,0.0951305261852143,0.7236899231891675,0.1811795506256182,17.63,143327,54288,2.137329323853845,0.3787702247308602,28427,119608,0.3904458162089463,542642493000,35973.5,0.1174311297688493,383234.8151536986,1.2510235954314977,15.437826,0.285092,0.8756566080544527,0.0161708451503119,105047,57952,46203,0.5516768684493608,0.4398316943844184,5958.423142370959,1,신흥 아파트 주거지
서대문구,2023,306231,28212,220431,57588,17369.88088485536,0.0921265319317769,0.7198193520577603,0.1880541160104626,17.63,145742,56170,2.101185656845659,0.3854070892398896,28401,118280,0.3862443710793486,460251902000,35865.25,0.1171182865222658,387989.2213219178,1.266982184435664,15.437826,0.285092,0.8756566080544527,0.0161708451503119,106640,59417,46334,0.5571736684171043,0.434489872468117,6048.780487804878,1,신흥 아파트 주거지
서대문구,2024,302853,27021,216147,59685,17178.275666477595,0.0892215035016988,0.7137026874424226,0.1970758090558786,17.63,145416,56770,2.0826662815646144,0.3903972052593937,28468,117330,0.3874156769125615,336060617000,45641.5,0.1507051275701413,386961.4383871584,1.2777203408490536,15.439244,0.283546,0.8757370391378333,0.016083153715258,106311,59575,45850,0.5603841559198954,0.4312818052694453,6030.11911514464,1,신흥 아파트 주거지
서초구,2020,425126,56954,308100,60072,9049.08471690081,0.1339696936908116,0.7247263164332457,0.1413039898759426,46.98,158582,43942,2.680796055037772,0.2770932388291231,75858,497678,1.1706599925669097,1830721787000,430679.75,1.0130637740340511,590503.5812822405,1.389008391117552,18.885147,1.322182,0.4019826947637293,0.0281435078756917,133528,94499,37768,0.7077092445030256,0.2828470433167575,2842.23073648361,3,균형형 혼합 주거지
서초구,2021,412279,54730,296975,60574,8775.627926777353,0.1327499096485632,0.7203253136832096,0.1469247766682271,46.98,158408,45933,2.6026400181809,0.289966415837584,71958,487976,1.1836062472257864,2153524955000,436582.5,1.0589491582156745,572768.9056389041,1.3892749949400869,19.009141,1.329783,0.4046219880800341,0.0283053001277139,135171,95298,38674,0.7050180881993919,0.2861116659638532,2877.2030651341,3,균형형 혼합 주거지
서초구,2022,404325,51932,290165,62228,8608.154140941026,0.1284412292091757,0.7176528782538799,0.1539058925369442,46.97,156869,46745,2.5774690984197006,0.2979874927487266,69975,492367,1.2177505719408892,2380513474000,437305.75,1.0815699004513697,574922.745729315,1.4219322221710629,19.005773,1.333152,0.4046364275069193,0.0283830530125612,132706,92711,38851,0.6986195047699426,0.2927599354965111,2825.335320417288,3,균형형 혼합 주거지
서초구,2023,407664,50507,291616,65541,8679.242069406004,0.1238936967698889,0.7153341967895129,0.1607721064405981,46.97,159582,48756,2.5545738241155016,0.3055231793059367,70510,495335,1.2150570077318577,2441618172000,430839.5,1.056849513324699,577242.7660126027,1.4159767995520889,19.005773,1.333152,0.4046364275069193,0.0283830530125612,136528,96291,39092,0.7052838978085082,0.2863295441228173,2906.7064083457526,3,균형형 혼합 주거지
서초구,2024,408376,49431,290339,68606,8694.400681285928,0.1210428624600858,0.7109599976492252,0.1679971398906889,46.97,160651,49443,2.5420072081717517,0.3077665249516031,72068,493979,1.2096180970478188,1682955913000,437357.0,1.0709664622798598,584163.7357005465,1.430455599008136,19.018219,1.343705,0.4049014051522248,0.0286077283372365,134566,95946,37485,0.7130032846335627,0.2785621925300596,2864.935064935065,3,균형형 혼합 주거지
성동구,2020,293556,29566,218555,45435,17411.387900355872,0.1007167286650587,0.7445087138399488,0.1547745574949924,16.86,126658,42585,2.3177059483017257,0.3362203729728876,41582,196377,0.6689592445734375,271200829000,60218.25,0.2051337734537873,360981.7124467213,1.2296860307631978,9.947641,0.473145,0.5900142941874259,0.0280631672597864,91329,67584,22673,0.7400059126892882,0.2482563041312179,5416.903914590747,1,신흥 아파트 주거지
성동구,2021,285990,28220,211569,46201,16962.633451957296,0.0986747788384209,0.7397776146019092,0.1615476065596699,16.86,127440,44946,2.2441148775894537,0.352683615819209,41665,203221,0.710587782789608,289706646000,60785.5,0.2125441449001713,357660.43457561644,1.2506046874912284,9.936848,0.483938,0.5893741399762752,0.0287033214709371,91033,68090,21923,0.7479705161864378,0.2408247558577658,5399.347568208778,1,신흥 아파트 주거지
성동구,2022,281000,26903,206567,47530,16706.30202140309,0.0957402135231316,0.7351138790035587,0.1691459074733096,16.82,127790,46548,2.1989201032944674,0.3642538539791846,41306,205900,0.7327402135231317,332826057000,62294.75,0.2216895017793594,359447.7343873973,1.2791734319836203,9.931728,0.489058,0.5904713436385255,0.0290759809750297,90740,68125,21645,0.7507714348688561,0.238538681948424,5394.768133174792,1,신흥 아파트 주거지
성동구,2023,277361,25233,202868,49260,16489.952437574317,0.0909752993391284,0.731422225907752,0.1776024747531195,16.82,127950,48111,2.167729581867917,0.3760140679953107,40674,201359,0.7259816628869956,345736465000,64956.5,0.2341947858566994,355710.4326419178,1.2824817931934114,9.931728,0.489058,0.5904713436385255,0.0290759809750297,91252,68191,22097,0.7472822513479157,0.2421535966334984,5425.208085612366,1,신흥 아파트 주거지
성동구,2024,273669,24211,198428,51030,16231.85053380783,0.0884681860203384,0.725065681534993,0.1864661324446685,16.86,127631,48442,2.14422044801028,0.3795472886681135,39264,201023,0.7345479392989341,260187585000,76288.0,0.2787601080136954,352764.3755625683,1.2890183965394997,9.931676,0.483836,0.5890673784104389,0.028697271648873,91231,68086,22189,0.7463033398735079,0.24321776589098,5411.091340450771,1,신흥 아파트 주거지
성북구,2020,437153,46162,317378,73613,17784.906427990238,0.1055968962811647,0.7260112592158809,0.1683918445029543,24.58,184871,61510,2.364638044906989,0.3327184901904571,34420,121798,0.2786164111878449,259911220000,60501.0,0.1383977692020871,445786.0749428962,1.0197484060338056,17.82961,0.397229,0.7253706265256306,0.0161606590724166,138621,79206,57995,0.5713852879433852,0.4183709538958743,5639.585028478438,1,신흥 아파트 주거지
성북구,2021,430528,44582,311401,74545,17515.378356387308,0.1035519176453099,0.7233002266983797,0.1731478556563103,24.58,187246,64985,2.299264069726456,0.3470568129626267,34712,124004,0.2880277240969228,267539195000,64475.25,0.149758552289282,433522.3909575343,1.00695515961223,17.828087,0.398752,0.7253086655817739,0.0162226200162733,140138,80967,57791,0.5777662018867117,0.4123863620145856,5701.301871440196,1,신흥 아파트 주거지
성북구,2022,430397,42920,310184,77293,17510.048820179007,0.0997218846785642,0.7206927557580559,0.1795853595633798,24.58,190541,67222,2.258815687962171,0.3527954613442776,35162,125727,0.292118671830891,305389205000,63044.0,0.146478716162055,433378.83563342463,1.0069281050598045,17.826125,0.400714,0.725228844589097,0.0163024410089503,142602,83701,57548,0.5869553021696751,0.4035567523597144,5801.545972335232,1,신흥 아파트 주거지
성북구,2023,425602,40594,304776,80232,17314.971521562245,0.0953801908825616,0.7161056573982265,0.1885141517192118,24.58,191164,69148,2.2263710740516,0.3617208260969639,35548,126186,0.2964882683821974,327603232000,60000.75,0.1409785433339129,434639.5414106849,1.0212347249559093,17.826125,0.400714,0.725228844589097,0.0163024410089503,143240,83728,58167,0.584529461044401,0.4060807037140463,5827.502034174126,1,신흥 아파트 주거지
성북구,2024,421560,38623,299584,83353,17157.509157509157,0.0916192238352784,0.7106556599297846,0.1977251162349369,24.57,191165,70230,2.205215389846468,0.3673789658148719,35561,125573,0.297876933295379,229183453000,58146.5,0.1379317297656324,426449.3098002733,1.0115981350229464,17.787802,0.400758,0.7239642653642653,0.0163108669108669,143758,84332,58090,0.5866247443620529,0.4040818597921507,5850.956450956451,1,신흥 아파트 주거지
송파구,2020,667960,79805,494846,93309,19721.28727487452,0.1194757171088089,0.7408317863345111,0.13969249655668,33.87,259785,73694,2.571203110264257,0.2836730373193217,76412,411898,0.6166506976465657,640888788000,329966.75,0.4939917809449667,769269.4250934427,1.1516698980379705,21.013419,2.287015,0.6204139061116032,0.0675233244759374,211578,127239,82768,0.6013810509599297,0.3911937914149864,6246.767050487158,1,신흥 아파트 주거지
송파구,2021,658338,77329,483506,97503,19431.463990554897,0.1174609395173907,0.7344342875544173,0.1481047729281919,33.88,263270,79262,2.500619136247958,0.3010673453108975,74531,400781,0.6087769504418703,684458744000,339396.25,0.5155349531699522,752564.768390137,1.143128253860687,21.472225,2.287015,0.6337728748524203,0.0675033943329397,215731,131487,82749,0.6094951583221697,0.3835749150562506,6367.50295159386,1,신흥 아파트 주거지
송파구,2022,658801,75568,479872,103361,19445.12987012987,0.1147053510847737,0.7284020516058719,0.1568925973093544,33.88,267302,82473,2.464631764820316,0.3085386566505301,74738,409305,0.6212877636797758,775876509000,350307.25,0.5317345450295309,759645.427220274,1.153072668712212,21.472225,2.287015,0.6337728748524203,0.0675033943329397,220192,135070,83680,0.6134191977910187,0.3800319720970789,6499.173553719008,1,신흥 아파트 주거지
송파구,2023,654166,72480,473043,108643,19308.32349468713,0.1107975651440154,0.7231237942662871,0.1660786405896974,33.88,269591,87140,2.4265127545059,0.3232303749012393,74893,412433,0.6304714705441739,809152568000,333882.75,0.5103945328861481,754836.3808873972,1.153891184939904,21.472225,2.287015,0.6337728748524203,0.0675033943329397,221082,135448,84202,0.6126595561827738,0.3808632091260256,6525.442739079103,1,신흥 아파트 주거지
송파구,2024,650110,70250,465903,113957,19188.60684769776,0.1080586362307917,0.7166525664887481,0.1752887972804602,33.88,271703,89720,2.392722936441629,0.3302135051876497,75957,418595,0.6438833428189076,1005726734000,352322.0,0.5419421328698221,751358.2103620219,1.1557401214594791,21.45054,2.363811,0.6331328217237308,0.0697701003541912,222795,137132,84231,0.6155075293431181,0.3780650373661886,6576.0035419126325,1,신흥 아파트 주거지
양천구,2020,454251,56367,332343,65541,26091.38426191844,0.1240877840665183,0.7316285489740254,0.1442836669594563,17.41,168184,39436,2.700916852970556,0.234481282404985,37183,130371,0.2870021199733187,1156851424000,74727.5,0.1645070676784421,406566.4037901639,0.895025886107381,12.536636,0.79683,0.7200824813325675,0.0457685238368753,143769,90788,52122,0.631485229778325,0.3625399077687123,8257.840321654221,1,신흥 아파트 주거지
양천구,2021,447302,54121,324698,68483,25692.245835726597,0.1209943170386003,0.7259033047024158,0.1531023782589838,17.41,170289,42973,2.6267228065230284,0.2523533522423644,37929,133776,0.2990731094428372,1120360208000,75482.75,0.1687512016489977,391094.8945638357,0.8743419313212005,12.536636,0.79683,0.7200824813325675,0.0457685238368753,145843,92278,52736,0.6327214881756409,0.36159431717669,8376.96726019529,1,신흥 아파트 주거지
양천구,2022,440881,51078,317568,72235,25323.43480758185,0.1158543915478326,0.720303211070561,0.1638423973816063,17.41,171291,45502,2.573871365103829,0.2656415106456264,37774,133815,0.3035172756367364,754225053000,76978.5,0.1746015364690245,377352.66833123285,0.8559059436247715,12.536636,0.79683,0.7200824813325675,0.0457685238368753,146886,92705,53369,0.6311357106871996,0.3633361926936536,8436.875358989088,1,신흥 아파트 주거지
양천구,2023,436028,48793,311109,76126,25044.68696151637,0.1119033640041465,0.7135069307475667,0.1745897052482868,17.41,171469,47106,2.542896966798663,0.2747202118167132,38114,131733,0.302120506022549,427291253000,73501.0,0.1685694496683699,369032.86370958906,0.8463512978744233,12.536636,0.79683,0.7200824813325675,0.0457685238368753,147619,93107,53707,0.6307250421693684,0.3638217302650743,8478.977599080989,1,신흥 아파트 주거지
양천구,2024,430976,47206,303596,80174,24754.508902929352,0.1095327814077814,0.7044382981882982,0.1860289204039204,17.41,171027,47886,2.5199296017587867,0.2799908786331982,37760,130568,0.3029588654588654,292702788000,76864.75,0.1783504185847935,368291.92675847,0.8545532158599782,12.536636,0.79683,0.7200824813325675,0.0457685238368753,147679,93090,53790,0.6303536724923652,0.36423594417622,8482.423894313613,1,신흥 아파트 주거지
영등포구,2020,379480,37280,281537,60663,15457.433808553971,0.0982396964266891,0.7419020765257721,0.1598582270475387,24.55,178217,64000,2.129314262949101,0.3591127670199812,74060,434698,1.1455096447770634,1170120498000,327155.25,0.8621146041952145,498114.08845191257,1.3126227691891867,8.013839,2.60726,0.3264292871690428,0.1062020366598778,107366,74957,31237,0.6981446640463461,0.2909394035355699,4373.36048879837,2,고령화 원도심
영등포구,2021,376837,36369,279173,61295,15349.77596741344,0.0965112236855722,0.7408322431183775,0.1626565331960502,24.55,184045,69806,2.0475264201689805,0.3792876742101116,74562,435017,1.154390359757667,1272689095000,327232.5,0.8683661636198144,501159.9246446575,1.329911671743108,8.010072,2.611027,0.3262758452138492,0.1063554786150712,110396,77550,31689,0.7024711040255082,0.2870484437841951,4496.782077393075,2,고령화 원도심
영등포구,2022,375675,35239,277087,63349,15302.44399185336,0.0938018233845744,0.7375710387968324,0.1686271378185932,24.55,187482,73962,2.0037923640669506,0.3945018721797292,75470,433237,1.1532228655087509,1026471347000,328506.25,0.874442669860917,515969.34031041095,1.3734460379594355,8.00584,2.615259,0.3261034623217922,0.1065278615071283,112068,79110,31848,0.7059106970767748,0.2841846022058036,4564.887983706721,2,고령화 원도심
영등포구,2023,374794,33484,275467,65843,15266.558044806518,0.0893397439660186,0.7349824170077429,0.1756778390262384,24.55,190452,77895,1.9679184256400564,0.4090006930880221,74558,435180,1.1611178407338432,879067174000,328985.0,0.8777755246882287,521944.5044309589,1.3926170227670638,8.00584,2.615259,0.3261034623217922,0.1065278615071283,114173,80513,32551,0.7051842379546828,0.2851024322738301,4650.631364562118,2,고령화 원도심
영등포구,2024,373773,31997,273208,68568,15224.969450101831,0.08560543431441,0.7309463230356393,0.1834482426499506,24.55,192656,79698,1.940105680591313,0.4136803421642721,74118,442395,1.1835927153646733,1604124493000,356802.5,0.9545967739777886,520448.0312193989,1.3924174063386037,7.978406,2.642694,0.3249859877800407,0.1076453767820773,115011,81334,32583,0.7071845301753745,0.2833033362026241,4684.765784114053,2,고령화 원도심
용산구,2020,230040,20688,169573,39779,10518.518518518518,0.0899321857068335,0.7371457137889063,0.1729221005042601,21.87,101431,36881,2.267945697074859,0.3636067868797508,31507,154288,0.6707007476960528,890232101000,146887.0,0.638528082072683,309131.417489071,1.3438159341378502,12.10781,1.260795,0.5536264288980338,0.0576495198902606,74542,37676,36157,0.5054331786107161,0.4850554050065734,3408.413351623228,2,고령화 원도심
용산구,2021,222953,19604,164797,38552,10194.467306812983,0.087928845989962,0.7391557861970909,0.1729153678129471,21.87,102638,39270,2.1722266606909724,0.3826068317777041,29680,152605,0.6844716150937642,958927346000,148351.75,0.6653947244486507,300104.5509523288,1.3460440135469305,12.194627,1.260795,0.5575961133973479,0.0576495198902606,75739,38631,36412,0.510054265305853,0.4807562814402091,3463.1458619112937,2,고령화 원도심
용산구,2022,218650,18677,161495,38478,9997.71376314586,0.0854196203978961,0.7386005030871255,0.1759798765149783,21.87,103974,41437,2.1029295785484834,0.3985323253890395,28047,151851,0.6944934827349646,957554475000,150290.25,0.6873553624514064,306027.90440986305,1.3996245342321658,12.181023,1.274398,0.5569740740740741,0.0582715134887974,77116,39805,36646,0.516170444525131,0.4752061828933036,3526.1088248742567,2,고령화 원도심
용산구,2023,213151,17483,156429,39239,9746.273433927754,0.0820216653921398,0.7338881825560284,0.1840901520518318,21.87,103826,42482,2.0529636121973303,0.4091653343093252,28363,158552,0.7438482578078451,994733445000,146010.5,0.6850096879676849,305868.2325115068,1.434983802616487,12.181023,1.274398,0.5569740740740741,0.0582715134887974,77734,39806,37269,0.5120796562636684,0.4794427148995291,3554.366712391404,2,고령화 원도심
용산구,2024,203854,16404,148556,38894,9321.170553269318,0.080469355519146,0.7287372335102573,0.1907934109705966,21.87,98398,40445,2.071729100184963,0.4110347771296164,27854,157564,0.7729257213495934,699893286000,146852.75,0.7203819890706094,296117.50273907103,1.4525959889875648,11.391721,1.569913,0.520883447645176,0.0717838591678097,78063,39915,37490,0.5113177817916298,0.4802531288830816,3569.4101508916324,2,고령화 원도심
은평구,2020,479835,47781,347044,85010,16150.62268596432,0.0995779799306011,0.7232569529108964,0.1771650671585024,29.71,192581,57853,2.491600936748693,0.3004086592135257,36273,108362,0.2258317963466608,273248297000,28758.0,0.0599331020038138,457822.9549530055,0.9541258035637364,15.3651,0.521342,0.517169303264894,0.0175476943789969,150658,59438,89977,0.3945226937832707,0.597226831631908,5070.952541231908,1,신흥 아파트 주거지
은평구,2021,473307,45280,340989,87038,15930.89868731067,0.0956672941663655,0.7204393765568647,0.1838933292767696,29.71,195512,62447,2.4208590777036703,0.3194023896231433,36509,109031,0.2303599989013473,296533495000,28777.0,0.0607998614007399,442422.5541528767,0.9347475405030492,15.35653,0.529912,0.5168808481992595,0.0178361494446314,156710,64712,90776,0.4129411013974858,0.5792610554527471,5274.654998317064,1,신흥 아파트 주거지
은평구,2022,466746,42981,334343,89422,15710.06395153147,0.0920864881541566,0.7163275100375793,0.191586001808264,29.71,198082,65769,2.356327177633505,0.3320291596409567,36430,107697,0.230740059904102,330471037000,29970.0,0.0642105127842552,436133.29248273966,0.9344124909109872,15.35653,0.529912,0.5168808481992595,0.0178361494446314,160630,67705,91720,0.4214966071095063,0.571001680881529,5406.597105351733,1,신흥 아파트 주거지
은평구,2023,466770,41081,332124,93565,15710.87176035005,0.0880112260856524,0.7115367311523877,0.2004520427619598,29.71,200425,68850,2.3289010851939627,0.3435200199575901,36201,106043,0.2271846948175761,354975788000,29573.5,0.0633577564967757,426155.547890137,0.9129882980700068,15.35653,0.529912,0.5168808481992595,0.0178361494446314,165462,72002,92261,0.4351573170879114,0.5575963061004944,5569.235947492427,1,신흥 아파트 주거지
은평구,2024,460919,38324,324807,97788,15513.934702120498,0.0831469303717139,0.7046943172227659,0.2121587524055202,29.71,200904,70568,2.2942251025365348,0.3512523394257954,36093,107935,0.2341734664876041,245662866000,32098.5,0.0696402187803063,425418.8530032787,0.9229796406815052,15.356529,0.529912,0.5168808145405587,0.0178361494446314,163763,72680,89881,0.4438120943070168,0.548848030385374,5512.049814877146,1,신흥 아파트 주거지
종로구,2020,149384,12679,108394,28311,6247.762442492681,0.0848752209071922,0.7256064906549563,0.1895182884378514,23.91,68069,25983,2.194596659272209,0.3817156120994873,50531,284570,1.9049563540941463,953865523000,230874.75,1.5455119022117496,296351.44556967216,1.9838232044239823,9.830838,2.937285,0.4111601003764115,0.1228475533249686,46859,15688,30259,0.3347916088691606,0.6457457478819437,1959.8076118778756,0,도심 업무·상업 중심지
종로구,2021,144683,11918,105156,27609,6051.150146382267,0.0823731882805858,0.7268027342535059,0.1908240774659082,23.91,68541,27308,2.1108971272668917,0.3984184648604485,48361,275063,1.9011424977364304,1263485235000,230084.75,1.590268034254197,285239.20459260273,1.971476984805421,9.830838,2.937285,0.4111601003764115,0.1228475533249686,46885,15775,30202,0.3364615548682947,0.6441719099925349,1960.895023002928,0,도심 업무·상업 중심지
종로구,2022,141379,11121,102554,27704,5912.965286491008,0.0786609043775949,0.7253835435248517,0.1959555520975534,23.91,69831,28424,2.024587933725709,0.4070398533602555,47595,278403,1.9691962738454791,1248636121000,225584.75,1.595602953762581,301222.3172468493,2.130601555017713,9.830838,2.937285,0.4111601003764115,0.1228475533249686,46810,15923,30006,0.3401623584704123,0.6410168767357403,1957.7582601422,0,도심 업무·상업 중심지
종로구,2023,139417,10459,100458,28500,5830.907570054371,0.0750195456795082,0.7205577512068112,0.2044227031136805,23.91,70217,29334,1.9855163279547687,0.4177620804078784,46977,270442,1.9398064798410524,1174044226000,219002.25,1.570843225718528,309795.39707561646,2.2220776309604746,9.830838,2.937285,0.4111601003764115,0.1228475533249686,47025,16300,29859,0.3466241360978203,0.6349601275917065,1966.7503136762864,0,도심 업무·상업 중심지
종로구,2024,138336,9931,98831,29574,5785.6963613550815,0.0717889775618783,0.714427191764978,0.2137838306731436,23.91,70241,29779,1.9694480431656725,0.4239546703492262,46830,265635,1.9202159958362248,589762071000,218394.75,1.5787267956280362,304702.3310112022,2.202624992852202,9.830838,2.937285,0.4111601003764115,0.1228475533249686,47156,16345,29953,0.3466154890151836,0.6351895835100517,1972.229192806357,0,도심 업무·상업 중심지
중구,2020,125240,9928,91138,24174,12574.29718875502,0.0792717981475567,0.7277068029383583,0.1930213989140849,9.96,59817,22818,2.0937191768226424,0.3814634635638698,76129,408064,3.2582561481954646,7981274213000,415266.0,3.315761737464069,283958.58538278687,2.267315437422444,6.037439,3.911718,0.6061685742971887,0.3927427710843373,42234,26102,15263,0.6180328645167401,0.3613912961121371,4240.361445783132,0,도심 업무·상업 중심지
중구,2021,122499,9352,89110,24037,12299.096385542169,0.0763434803549416,0.7274345096694667,0.1962220099755916,9.96,61073,24544,2.0057799682347355,0.4018797177148658,70308,386564,3.1556502502061243,8684064847000,418192.75,3.413846235479473,271742.08163123287,2.218320815935092,6.037439,3.911718,0.6061685742971887,0.3927427710843373,42319,26327,15131,0.622108272879794,0.3575462558188993,4248.895582329317,0,도심 업무·상업 중심지
중구,2022,120437,8901,86876,24660,12092.068273092367,0.0739058594950057,0.7213397876067986,0.2047543528981957,9.96,61620,25247,1.9545115222330407,0.4097208698474521,68143,386148,3.206224000929947,9692676412000,414350.75,3.440394147977781,296808.8010441096,2.4644320353721,6.013132,3.936025,0.6037281124497991,0.3951832329317268,42401,26366,15202,0.6218249569585623,0.358529279969812,4257.128514056225,0,도심 업무·상업 중심지
중구,2023,121312,8528,87259,25525,12179.919678714858,0.0702980743867053,0.719294051701398,0.2104078739118966,9.96,64325,28293,1.885923047026817,0.439844539448115,67202,419211,3.4556432999208653,10331115104000,407205.0,3.356675349512002,320749.5537665753,2.644005158323788,6.013132,3.936025,0.6037281124497991,0.3951832329317268,44191,28126,15233,0.63646443846032,0.3447081985019574,4436.847389558233,0,도심 업무·상업 중심지
중구,2024,120544,8119,86017,26408,12102.81124497992,0.0673529997345367,0.7135734669498275,0.2190735333156357,9.96,64816,28968,1.859787706739077,0.4469266847691928,67098,399960,3.317958587735599,7467965148000,429370.25,3.5619379645606584,320034.7350562841,2.6549204859328057,6.005614,3.938992,0.6029732931726907,0.3954811244979919,44572,28409,15336,0.6373732388046307,0.3440725118908732,4475.100401606425,0,도심 업무·상업 중심지
중랑구,2020,394702,35444,289917,69341,21335.243243243243,0.0897993929597519,0.7345212337408982,0.1756793732993498,18.5,167617,56605,2.354785015839682,0.3377044094572746,38558,111086,0.2814427086764192,219704435000,22117.5,0.0560359461061763,367084.1996592896,0.9300287296727396,10.821891,0.357442,0.5849670810810811,0.0193211891891891,112364,55499,55329,0.493921540706988,0.4924086006194155,6073.72972972973,1,신흥 아파트 주거지
중랑구,2021,387350,33325,282465,71560,20937.83783783784,0.0860333032141474,0.7292242158254808,0.1847424809603717,18.5,170021,60487,2.2782479811317424,0.3557619352903465,39310,113144,0.2920975861623854,222714366000,21992.0,0.0567755260100684,358109.03703424655,0.9245102285639514,10.812136,0.367198,0.5844397837837838,0.0198485405405405,114488,56651,56334,0.4948204178603871,0.4920515687233596,6188.540540540541,1,신흥 아파트 주거지
중랑구,2022,385318,32188,278340,74790,20828.0,0.0835361960770065,0.7223643847419534,0.19409941918104,18.5,173424,64334,2.2218262754866687,0.3709636497831903,40320,114733,0.2977618486548772,251330608000,21217.5,0.0550649074271121,354799.8948484932,0.9207976135256934,10.808521,0.370813,0.5842443783783784,0.0200439459459459,118357,59121,57752,0.4995141816707081,0.4879474809263499,6397.675675675676,1,신흥 아파트 주거지
중랑구,2023,382155,30655,272709,78791,20657.027027027027,0.0802161426646256,0.7136083526317856,0.2061755047035888,18.5,174863,66906,2.1854537552255198,0.3826195364370964,40964,112740,0.2950111865604271,266418820000,20282.0,0.0530727061009276,348339.66899068496,0.9115140950417632,10.808521,0.370813,0.5842443783783784,0.0200439459459459,119961,59984,58499,0.5000291761489151,0.4876501529663807,6484.378378378378,1,신흥 아파트 주거지
중랑구,2024,379274,29052,266923,83299,20501.297297297297,0.0765989759382399,0.7037735252086882,0.2196274988530719,18.5,176740,69149,2.1459431933914224,0.39124702953491,42344,115477,0.3044685372580245,184746525000,19273.75,0.0508174828751773,340331.82628688525,0.8973244311154607,10.806188,0.373145,0.5841182702702703,0.02017,120876,60832,58565,0.5032595387008174,0.48450478175982,6533.8378378378375,1,신흥 아파트 주거지
