자치구별(1),자치구별(2),2021,2021,2021,2021,2021,2021,2021,2021,2021,2021,2021,2022,2022,2022,2022,2022,2022,2022,2022,2022,2022,2022,2023,2023,2023,2023,2023,2023,2023,2023,2023,2023,2023,2024,2024,2024,2024,2024,2024,2024,2024,2024,2024,2024
자치구별(1),자치구별(2),재활용률 (%),합계,합계,생활계 폐기물,생활계 폐기물,사업장배출시설계 폐기물,사업장배출시설계 폐기물,건설 폐기물,건설 폐기물,지정 폐기물,지정 폐기물,재활용률 (%),합계,합계,생활계 폐기물,생활계 폐기물,사업장배출시설계 폐기물,사업장배출시설계 폐기물,건설 폐기물,건설 폐기물,지정 폐기물,지정 폐기물,재활용률 (%),합계,합계,생활계 폐기물,생활계 폐기물,사업장배출시설계 폐기물,사업장배출시설계 폐기물,건설 폐기물,건설 폐기물,지정 폐기물,지정 폐기물,재활용률 (%),합계,합계,생활계 폐기물,생활계 폐기물,사업장배출시설계 폐기물,사업장배출시설계 폐기물,건설 폐기물,건설 폐기물,지정 폐기물,지정 폐기물
자치구별(1),자치구별(2),소계,발생량,재활용,발생량,재활용,발생량,재활용,발생량,재활용,발생량,재활용,소계,발생량,재활용,발생량,재활용,발생량,재활용,발생량,재활용,발생량,재활용,소계,발생량,재활용,발생량,재활용,발생량,재활용,발생량,재활용,발생량,재활용,소계,발생량,재활용,발생량,재활용,발생량,재활용,발생량,재활용,발생량,재활용
서울시,소계,86.6,17533128,15189560,3961311,2220841,1037142,615495,12534675,12353225,136679,30828,88.3,15773392,13934173,3983524,2495165,1269178,935971,10520690,10503037,130925,27777,86.2,13622529,11741448,3805818,2388828,1198375,743178,8618337,8609442,118681,27721,86.2,13979904,12053874,3836977,2373762,1044490,585537,9098437,9094575,115577,30135
서울시,종로구,90.6,419436,379918,83878,45404,575,448,334984,334066,7666,1847,88.4,381189,337063,104369,62003,964,577,275856,274483,6828,1247,85,319564,271653,97419,54632,5548,567,216598,216454,6669,1434,85.1,274926,233974,98887,58688,2447,1746,173592,173540,5592,1277
서울시,중구,85.7,421214,361109,108816,50113,703,623,311695,310374,4244,1189,88.1,438390,386137,118766,66571,572,526,319051,319040,3446,890,84.5,346386,292569,132481,78731,299,256,213607,213582,2752,651,89.6,460797,412875,133576,85767,25473,25362,301748,301747,2404,707
서울시,용산구,92.8,568349,527388,107173,68334,204139,203377,257038,255678,2331,821,95.8,947105,907608,216363,178471,365558,365180,365184,363958,2603,770,95.5,859006,820708,208742,171993,240879,240358,409386,408357,2818,1037,91.3,421774,384982,103895,67515,43457,43190,274422,274278,2273,552
서울시,성동구,88,1329246,1169838,99225,68206,122136,83058,1107885,1018574,6068,2597,92.5,1081741,1000598,104584,66623,189274,157251,787883,776724,5293,1967,91.3,945393,863110,106823,68206,96361,54545,742208,740360,5088,2133,92.7,1022469,947740,159245,120565,111943,75960,751281,751215,4947,2237
서울시,광진구,93.3,441364,411748,91428,62681,2458,2352,347478,346716,2742,693,92.6,346006,320483,120644,95246,2278,2214,223084,223023,2775,549,83,219608,182281,104709,67412,2011,1994,112888,112875,2412,556,86.1,263852,227069,107234,71082,1264,646,155354,155341,2216,483
서울시,동대문구,93.6,667636,625221,116867,75504,8195,8195,542574,541522,3629,823,91.8,538762,494521,108075,68325,14557,10071,416130,416125,3246,816,86.4,321878,278213,113337,72494,11904,9148,196638,196571,3303,726,88,338410,297687,112593,73460,7696,6656,218121,217571,3440,881
서울시,중랑구,91.2,492843,449437,105213,64188,6204,4126,381425,381123,2067,562,86.7,316158,274261,104375,63404,3798,3256,207985,207602,1895,577,80.2,201978,162026,96847,57284,3464,3412,101667,101330,2188,647,87.2,317987,277147,107223,66826,662,309,210101,210013,2204,764
서울시,성북구,94.2,613842,577995,136000,100565,3657,3629,474185,473801,3239,494,93,583781,542948,125909,85083,620,612,457253,457253,3533,549,87.2,315847,275314,123724,83204,5042,5032,187081,187078,3347,540,91.5,360312,329755,117738,87203,8729,8721,233845,233831,3289,578
서울시,강북구,91.4,360811,329745,94407,63804,386,1,266018,265940,1604,519,89.4,269837,241345,89627,61272,666,666,179543,179407,1616,502,87.3,211964,184974,88886,62128,412,192,122666,122655,1492,578,89.3,247351,220965,83607,57254,45,45,163698,163666,1760,912
서울시,도봉구,88.2,331240,292070,91929,53467,282,265,239030,238338,1476,450,91.2,276204,251984,94263,70069,1262,1253,180679,180663,1449,406,77.5,198114,153461,102431,58070,453,453,95230,94939,1849,410,95.2,551322,524656,88094,61429,19,19,463209,463209,1400,467
서울시,노원구,83,392900,326057,135900,95590,27013,1088,229987,229380,5808,744,88.7,558725,495693,145778,106889,24876,969,388071,387836,4716,692,86.7,485244,420832,140139,102671,38244,11579,306861,306582,2998,753,78,359945,280795,150001,96090,26136,1017,183808,183688,3058,768
서울시,은평구,88.3,474065,418589,138304,83540,82,72,335679,334977,3905,669,88.2,477827,421351,128783,72461,35,35,349009,348856,3336,754,87.3,392490,342615,123761,74038,10304,10151,258426,258426,3455,873,91,615338,559766,127441,72827,12231,11603,475666,475336,3478,915
서울시,서대문구,88.9,358228,318392,96768,57786,1383,944,260077,259662,6565,499,84.6,263130,222630,107631,67206,172,109,155327,155315,6317,512,84.8,271856,230597,97594,60677,4362,21,169900,169900,6575,619,80.6,190426,153568,99837,63501,751,310,89839,89757,5832,528
서울시,마포구,76.2,508893,387989,199008,79714,25993,24879,283893,283396,7809,1237,89.5,633982,567724,152394,88134,25892,23973,455696,455618,7235,1239,88.7,531689,471676,135308,83318,34226,26254,362155,362105,2771,1277,84.6,425899,360360,142121,85360,35718,26941,248059,248059,2817,1511
서울시,양천구,84.3,396564,334463,128894,86602,18134,730,249536,247131,3896,647,79.6,304154,242188,123688,80582,26016,7159,154450,154447,2803,675,77,244751,188397,115678,78725,21244,1842,107829,107829,3023,786,79.1,329437,260506,121756,72237,19846,438,187835,187832,3383,817
서울시,강서구,57,1805962,1029615,751795,212856,283001,49136,771167,767623,5052,1267,71.8,1707507,1225583,585756,274273,245427,75159,876324,876151,5221,1398,70.8,1737168,1229541,490315,221810,355548,117035,891305,890697,5157,1161,67.8,1851172,1254984,590910,270188,394974,120157,865288,864639,6893,1979
서울시,구로구,81.9,443574,363386,136224,76846,980,867,306369,285674,3901,1112,89.4,509276,455054,134033,80101,1581,1493,373662,373460,3636,1089,88.2,442207,389916,171610,119509,1504,1371,269093,269036,3443,979,81.6,298919,243815,122831,71343,4102,734,171986,171739,3490,1159
서울시,금천구,89.3,491736,439256,98645,62226,447,142,392645,376888,2595,1037,91.6,416510,381317,99931,65228,1291,897,315288,315193,2873,1220,89.9,364034,327268,101244,64988,858,361,261932,261919,2818,1011,85.1,222620,189467,96694,64032,3077,2620,122849,122816,2969,1157
서울시,영등포구,92,697666,641902,161206,112103,16433,15922,520027,513877,5380,1139,92.8,820843,761703,167303,113275,31221,26187,622319,622241,4808,1250,90.6,562288,509396,166688,114964,16535,16149,379065,378282,4831,1354,91.2,588576,536932,158377,106906,16008,15870,414191,414156,4706,1354
서울시,동작구,90,370047,332920,108554,71943,1524,1477,259969,259500,3786,936,89.4,388357,347338,118013,77044,2165,2141,268178,268154,3337,661,90.9,408834,371481,116719,79700,572,559,291544,291222,3192,535,96,984321,945197,119527,80659,2403,2387,862392,862151,2762,513
서울시,관악구,90.6,631167,572074,146143,87868,12576,12565,472448,471641,3081,1197,89.4,489967,437884,161574,109513,230,230,328164,328142,3025,1027,87.6,398470,348919,146875,97385,857,846,250737,250688,2818,855,88.8,345294,306716,149864,111384,749,708,194682,194624,2793,864
서울시,서초구,95.2,1599770,1522493,177110,108844,9292,1033,1413368,1412617,12439,4222,93.1,1026077,955686,180281,112992,6002,3017,839794,839678,15586,4552,94.9,1335933,1268460,178090,111677,14327,13271,1143517,1143512,11810,3936,94.4,1213113,1145043,180257,113288,4951,4003,1027905,1027753,11681,4393
서울시,강남구,89,1530852,1361803,248001,161619,150248,71937,1132603,1128246,20172,2217,88,1345308,1183372,263297,163224,148711,88288,933301,931860,19656,1204,84.4,1242720,1048413,261425,161437,154303,62105,826993,824871,18166,1131,83.7,1049720,878728,266815,169222,151389,78396,631516,631110,18614,1406
서울시,송파구,90.1,1097905,988953,253209,173237,37277,34863,807419,780853,11586,2170,85.6,898991,769201,301830,177052,70684,65984,526477,526166,10960,1646,83.3,675848,563083,262182,156087,83756,77380,329910,329617,10758,1982,84.3,722918,609502,268890,162401,77516,70720,376512,376381,9108,2176
서울시,강동구,94.4,1087820,1027200,146616,97802,104025,93768,837179,835630,5639,1740,94.3,753567,710501,126256,90128,105328,98728,521982,521646,4733,1588,92.8,589260,546547,122793,87690,95364,88299,371103,370558,4949,1759,90.2,523007,471647,129564,84538,92905,86982,300538,300127,4468,1738
