"동별(1)","항목","시점",합계,0~4세,5~9세,10~14세,15~19세,20~24세,25~29세,30~34세,35~39세,40~44세,45~49세,50~54세,55~59세,60~64세,65~69세,70~74세,75~79세,80~84세,85~89세,90~94세,95~99세,100세 이상
"합계","한국인","2020",9668465,270481,353264,371652,410214,630115,830296,726382,748724,728008,800174,784730,738826,714460,529494,404546,299530,188219,89875,33503,9180,6792
"합계","한국인","2021",9509458,244538,339145,367879,388257,603077,819200,736001,703278,729566,751214,801892,705302,722662,563260,396569,299231,199138,95871,33815,7920,1643
"합계","한국인","2022",9428372,227619,317698,362502,386616,578374,811109,758697,667111,730905,718801,801828,690974,717931,579856,408481,305015,219561,101648,34536,7818,1292
"합계","한국인","2023",9386034,213014,300548,355014,378197,555058,800753,777975,649430,737027,683046,793687,701870,706835,609103,417048,321421,228831,110383,36809,8537,1448
"합계","한국인","2024",9331828,202897,280883,352036,368731,530569,777691,796699,645966,708639,675311,775758,710310,692690,633549,436781,336990,234945,120305,40067,9527,1484
"종로구","한국인","2020",149384,3080,4447,5152,5861,10474,12942,10084,9859,9949,12282,12892,12567,11484,8464,6732,5768,3999,1979,802,291,276
"종로구","한국인","2021",144683,2720,4264,4934,5447,9965,12837,10302,9168,9909,11060,13100,11857,11511,8841,6254,5383,4078,2071,750,200,32
"종로구","한국인","2022",141379,2512,3891,4718,5369,9563,12721,10553,8789,9812,10132,12745,11471,11399,8902,6184,5220,4345,2109,725,190,29
"종로구","한국인","2023",139417,2342,3577,4540,5199,9113,12383,10882,8440,9783,9411,12414,11501,11332,9357,6218,5285,4328,2316,760,201,35
"종로구","한국인","2024",138336,2254,3257,4420,4958,8639,12324,11326,8428,9340,9147,11851,11525,11293,9723,6478,5389,4337,2500,884,222,41
"중구","한국인","2020",125240,3281,3555,3092,3681,7654,10932,10131,9976,8735,9276,10331,10371,10051,7500,5918,4815,3180,1656,697,203,205
"중구","한국인","2021",122499,2927,3372,3053,3421,7369,10940,10388,9498,8807,8572,10364,9679,10072,8011,5628,4593,3284,1683,667,145,26
"중구","한국인","2022",120437,2789,3175,2937,3385,6934,10685,10746,9115,8801,7967,10031,9365,9847,8184,5708,4553,3591,1773,666,157,28
"중구","한국인","2023",121312,2687,2943,2898,3258,6727,10810,11558,9306,9104,7665,9725,9343,9763,8570,5766,4725,3669,1892,704,172,27
"중구","한국인","2024",120544,2562,2754,2803,3080,6346,10431,12014,9582,8837,7579,9235,9345,9568,8841,6021,4824,3747,2027,728,198,22
"용산구","한국인","2020",230040,6298,7198,7192,8417,13757,19728,19058,19011,16998,18700,19133,17937,16834,12006,9415,7788,5640,2932,1193,434,371
"용산구","한국인","2021",222953,5805,6848,6951,7741,13290,19488,19678,18041,16823,16958,19321,16801,16656,12513,8771,7189,5602,2989,1139,278,71
"용산구","한국인","2022",218650,5498,6475,6704,7537,12560,19243,20719,17328,16919,15593,19039,16221,16336,12818,8622,6862,5741,3069,1094,232,40
"용산구","한국인","2023",213151,5068,6021,6394,7226,11634,18469,20723,16687,16789,14499,18203,16114,16085,13241,8650,6972,5633,3272,1150,265,56
"용산구","한국인","2024",203854,4732,5518,6154,6762,10635,17140,20582,16204,15751,13606,16844,15813,15219,13269,8647,6803,5367,3289,1187,280,52
"성동구","한국인","2020",293556,10061,10388,9117,10698,19590,25453,23676,25229,21994,23026,23919,23329,21641,14893,11533,9053,5871,2649,933,252,251
"성동구","한국인","2021",285990,9179,10043,8998,9905,18539,24924,23247,23568,22018,21328,24154,22000,21886,15882,11156,8955,6075,2927,963,195,48
"성동구","한국인","2022",281000,8637,9598,8668,9839,17823,24315,23353,22317,22071,20168,23776,21135,21770,16484,11172,8901,6637,3127,963,201,45
"성동구","한국인","2023",277361,7856,9037,8340,9511,17016,23963,23946,21718,22162,18764,23174,21275,21339,17239,11350,9057,6892,3425,1036,217,44
"성동구","한국인","2024",273669,7563,8411,8237,9094,16106,22847,24802,21622,21435,18319,22134,21318,20751,17867,11745,9348,7001,3634,1156,245,34
"광진구","한국인","2020",346682,8351,11221,12237,13694,26193,36747,29113,26870,24874,27608,28122,26419,24922,17538,12852,9576,6105,2745,990,287,218
"광진구","한국인","2021",339996,7338,10406,11867,12907,24936,36680,29483,25232,24851,25619,28389,25412,25426,18726,12461,9472,6503,2992,1003,243,50
"광진구","한국인","2022",337416,6764,9683,11511,12958,23990,36230,30691,24010,24775,24463,28156,25108,25340,19351,13004,9714,7111,3214,1049,252,42
"광진구","한국인","2023",335554,6290,8918,11253,12551,22861,35988,31547,23396,24921,23182,27592,25564,25030,20506,13282,10289,7362,3566,1135,278,43
"광진구","한국인","2024",331963,5835,8263,10915,12071,21759,35128,32184,23170,23805,22724,26598,25665,24512,21517,14067,10657,7558,3911,1269,308,47
"동대문구","한국인","2020",342837,9517,11271,11058,12589,26031,30300,24435,25740,24284,26346,27119,26143,26392,20001,15615,12580,7851,3670,1220,362,313
"동대문구","한국인","2021",337400,8705,10885,10905,11862,25705,30566,24792,24231,24494,24508,27250,24993,26495,21037,15029,12261,8271,3872,1202,268,69
"동대문구","한국인","2022",336644,8143,10499,10834,11900,25652,30577,25407,23160,24836,23572,27138,24459,26212,21602,15442,12325,9144,4169,1259,259,55
"동대문구","한국인","2023",341149,7940,10362,10801,11806,25711,31161,26698,22764,25776,22919,27412,25128,25881,22675,15631,12717,9556,4524,1347,283,57
"동대문구","한국인","2024",338735,7493,9681,10679,11591,25034,30509,27501,22644,24739,22514,26515,25399,25122,23500,16305,13056,9682,4849,1552,320,50
"중랑구","한국인","2020",394702,10531,12533,12380,14379,23622,32490,28753,29371,27583,30300,34175,35353,33891,24331,18085,13360,8097,3661,1274,327,206
"중랑구","한국인","2021",387350,9422,11863,12040,13392,22060,32068,29458,27567,27764,27946,34058,33460,34692,26013,17833,13343,8751,3951,1305,297,67
"중랑구","한국인","2022",385318,9108,11234,11846,12997,20715,31563,31058,26664,28158,26558,33250,32506,34871,27070,18424,13591,9773,4202,1358,321,51
"중랑구","한국인","2023",382155,8519,10595,11541,12419,19480,30562,31756,26061,28233,24906,31984,32746,34562,28756,18909,14360,10256,4624,1462,371,53
"중랑구","한국인","2024",379274,7965,9828,11259,12009,18237,29309,32496,25766,27100,24710,30618,32741,33937,30245,20160,15074,10623,5121,1638,378,60
"성북구","한국인","2020",437153,12220,16602,17340,19805,32361,34611,28291,31552,31950,37889,36742,32639,31538,23359,18564,15004,9746,4483,1658,415,384
"성북구","한국인","2021",430528,11266,16060,17256,18730,31505,34075,28652,29763,32080,35366,37852,31428,31950,24853,17794,14670,10338,4798,1676,351,65
"성북구","한국인","2022",430397,10629,15251,17040,19122,31609,33803,29319,28327,32347,33645,38817,31449,31746,25659,18286,14622,11438,5156,1710,371,51
"성북구","한국인","2023",425602,9796,14301,16497,18505,31557,33136,29275,26838,32296,31140,38592,32357,31080,26920,18518,15112,11803,5608,1773,439,59
"성북구","한국인","2024",421560,9246,13249,16128,17845,30939,32560,29408,26424,30677,30220,37584,33181,30746,27905,19120,15624,12010,6174,1974,481,65
"강북구","한국인","2020",308055,6615,9099,10048,11979,19671,23273,18553,20204,21169,25549,26491,26151,25940,19952,16545,13542,8102,3414,1173,336,249
"강북구","한국인","2021",299182,5696,8452,9722,11074,18441,22560,18649,18471,20592,23331,26958,24742,26276,20896,16210,13094,8712,3795,1187,279,45
"강북구","한국인","2022",293660,5071,7715,9337,10693,17730,22119,18991,16930,20318,21795,26601,24190,26000,21379,16301,13058,9805,4108,1208,269,42
"강북구","한국인","2023",288113,4546,7029,9012,10129,16825,21330,19048,15949,19890,20012,25817,24448,25605,22251,16211,13549,10260,4551,1309,295,47
"강북구","한국인","2024",283597,4189,6365,8573,9832,15996,20206,19307,15295,18679,19268,25109,24624,24927,23150,16766,13953,10529,5030,1405,350,44
"도봉구","한국인","2020",325257,7915,10860,11703,13924,20408,23004,19259,21734,21965,26570,28731,28289,28886,20854,15522,12184,7862,3741,1354,317,175
"도봉구","한국인","2021",317366,6885,10159,11444,12867,19192,22304,19320,19926,21787,24369,29016,26990,28993,22373,15428,12055,8475,4003,1388,303,89
"도봉구","한국인","2022",311694,6202,9387,11027,12481,17670,21719,19763,18539,21591,22836,28469,26281,28787,23328,15917,12149,9493,4246,1445,322,42
"도봉구","한국인","2023",306948,5568,8674,10569,11803,16584,20855,20022,17585,21487,21027,27537,26726,28137,24841,16221,12743,9926,4651,1571,363,58
"도봉구","한국인","2024",303228,5191,7776,10248,11349,15635,20017,20270,17135,20367,20376,26503,26789,27423,26051,17381,13303,10013,5265,1676,399,61
"노원구","한국인","2020",523037,13503,19679,24274,28961,37606,35576,30226,34514,38408,47832,46711,41117,39210,28594,21234,16302,10937,5557,2012,496,288
"노원구","한국인","2021",510956,12124,18534,23464,26848,35634,34322,30741,32397,37593,44177,47671,39358,39822,30925,21066,16230,11545,5848,2117,454,86
"노원구","한국인","2022",503734,11250,17057,22463,26647,34461,33406,31658,30220,36953,41583,47683,38664,39743,32025,21950,16407,12629,6169,2207,480,79
"노원구","한국인","2023",498213,10622,15803,21427,25745,33328,32973,31961,29061,36722,38679,46871,39570,39142,33975,22567,17146,12976,6677,2351,532,85
"노원구","한국인","2024",491247,10042,14450,20858,24558,32128,32019,32074,28724,34670,37231,45518,40312,38196,35126,23896,17946,13125,7157,2542,579,96
"은평구","한국인","2020",479835,12839,16865,18077,20599,29682,37376,32478,36024,35746,40882,39783,37491,36983,27455,22013,17108,11055,4842,1658,454,425
"은평구","한국인","2021",473307,11533,16122,17625,19583,28231,37051,33437,33590,35916,38187,41176,36068,37750,29265,21494,17027,11731,5358,1708,383,72
"은평구","한국인","2022",466746,10822,14951,17208,19263,26614,36413,34559,31384,35613,36324,41253,35415,37505,29995,21675,16994,12789,5856,1695,371,47
"은평구","한국인","2023",466770,10135,14139,16807,18732,25747,36048,36022,30331,36047,34194,41421,36416,37166,31678,22049,17786,13352,6393,1851,399,57
"은평구","한국인","2024",460919,9289,12767,16268,18031,24243,35043,36889,29432,33951,33276,40570,37028,36344,33113,22963,18502,13534,7049,2095,463,69
"서대문구","한국인","2020",312173,9060,11115,10915,12707,22638,27718,21991,23118,22264,25223,25575,23792,22301,16257,13272,11032,7692,3554,1283,368,298
"서대문구","한국인","2021",304819,8062,10819,10579,11914,21754,27142,22483,21752,22134,23116,25994,22646,22602,17098,12582,10706,7918,3884,1275,286,73
"서대문구","한국인","2022",306337,7815,10580,10747,11869,21706,27130,23207,21231,22713,22325,26274,22502,22736,17839,12642,10626,8641,4117,1306,279,52
"서대문구","한국인","2023",306231,7339,10184,10689,11434,21425,27007,24012,20895,23039,21214,25955,22938,22512,18849,12887,10789,8817,4474,1416,294,62
"서대문구","한국인","2024",302853,7070,9337,10614,11097,20647,26175,24263,20558,22252,20559,25118,23404,22074,19677,13340,11075,8764,4913,1495,352,69
"마포구","한국인","2020",371890,11503,13396,13770,14602,25662,36242,32085,32401,29269,31726,28739,25516,22977,16582,13271,11038,7419,3677,1313,356,346
"마포구","한국인","2021",368905,10313,13348,13622,14083,25024,36329,32583,31014,29601,30218,30318,24644,23577,17628,12667,10711,7731,3790,1348,284,72
"마포구","한국인","2022",364638,9336,12395,13273,14136,24060,36061,33546,29438,29509,28762,30642,24432,23515,18048,12860,10509,8334,4061,1396,270,55
"마포구","한국인","2023",363697,8692,11936,12677,13798,23274,35626,34825,28982,29868,27066,30967,25067,23415,18942,12955,10772,8625,4366,1479,315,50
"마포구","한국인","2024",361417,8255,11144,12520,13425,22478,34733,35765,28702,29048,26509,30393,25811,23022,19884,13279,11004,8716,4692,1631,359,47
"양천구","한국인","2020",454251,11923,19629,24815,26057,28947,30827,26399,31421,36236,42757,40430,36065,33204,24347,17183,11410,7127,3594,1341,352,187
"양천구","한국인","2021",447302,10678,18856,24587,24885,27320,30068,26581,29076,36132,40376,41318,34852,34090,26190,17463,11752,7557,3743,1398,323,57
"양천구","한국인","2022",440881,9728,17327,24023,24718,25505,29319,27232,26936,35504,38644,41234,34064,34412,27317,18532,12273,8294,3960,1477,331,51
"양천구","한국인","2023",436028,8991,16388,23414,24320,24108,28416,27490,25582,35658,36875,40464,34359,33837,28804,19142,13269,8673,4212,1611,350,65
"양천구","한국인","2024",430976,8463,15440,23303,23529,22502,27286,27680,24899,34310,36336,39371,34485,33198,29935,20375,14252,8905,4570,1690,382,65
"강서구","한국인","2020",580185,17481,22079,21202,23492,34061,52930,49668,49394,45143,45745,43004,43192,44061,32279,23418,15497,9788,4990,2029,493,239
"강서구","한국인","2021",574315,15619,21027,21245,22272,32819,52833,51062,46769,45631,43635,43859,40549,44659,34723,23443,15962,10338,5265,2039,484,82
"강서구","한국인","2022",569166,14350,19273,21121,21922,30812,51892,53354,44263,45899,42230,44128,39004,44038,35863,24532,16856,11446,5537,2068,501,77
"강서구","한국인","2023",563058,13345,17844,20484,21333,29402,49776,53819,42835,46070,40350,43918,39261,42813,37545,25456,18150,11944,5909,2179,543,82
"강서구","한국인","2024",556171,12403,16457,20183,20576,27891,47550,53947,42352,43837,40000,43362,39219,41148,39276,26829,19388,12318,6439,2330,580,86
"구로구","한국인","2020",404408,12869,15330,14686,15503,23351,32064,30724,32423,30981,32222,31791,31539,31724,24259,18721,13083,7907,3536,1203,313,179
"구로구","한국인","2021",396754,11574,14393,14493,14698,22272,31431,30998,30073,30647,30536,32222,30072,31900,25589,18653,13319,8389,3899,1251,303,42
"구로구","한국인","2022",395315,10971,13384,14237,14400,21254,31577,32507,29058,30833,29311,32214,29330,31748,26320,19171,13822,9469,4070,1313,287,39
"구로구","한국인","2023",392405,10031,12403,13994,14224,20044,30827,32787,28312,30670,27732,32043,29879,31082,27579,19805,14752,9921,4562,1384,325,49
"구로구","한국인","2024",388169,9578,11488,13591,13932,18719,29589,32927,28061,29300,27158,31507,29869,30423,28498,20545,15650,10346,5024,1536,375,53
"금천구","한국인","2020",231733,5775,6773,6685,7984,14365,22762,18576,16905,15298,17605,19667,20625,19399,13720,10435,7624,4431,2048,691,188,177
"금천구","한국인","2021",230811,5245,6431,6510,7445,13636,23566,20180,16390,15349,16289,19488,19860,19980,14584,10379,7595,4810,2166,722,156,30
"금천구","한국인","2022",229642,4899,5800,6366,7182,12598,23817,21588,15849,15431,15272,19088,19101,20425,15099,10634,7767,5502,2299,738,155,32
"금천구","한국인","2023",227481,4480,5404,6085,6842,11623,23351,22385,15569,15387,14157,18412,19102,20153,16172,10874,8211,5739,2530,807,166,32
"금천구","한국인","2024",225159,4099,4927,5885,6540,10779,22791,23016,15502,14607,13728,17575,18826,19847,17033,11508,8644,5890,2860,899,168,35
"영등포구","한국인","2020",379480,12788,13048,11444,12834,21920,37156,35791,33454,27931,28507,28741,28190,27013,20059,15723,11657,7628,3711,1236,362,287
"영등포구","한국인","2021",376837,11775,12981,11613,12027,21540,37153,36986,32417,28450,26991,29279,26983,27347,20903,15360,11507,7903,4047,1235,287,53
"영등포구","한국인","2022",375675,11077,12473,11689,11893,20719,36970,38434,31232,29021,26081,29257,26288,27192,21365,15680,11705,8672,4288,1326,273,40
"영등포구","한국인","2023",374794,10377,11800,11307,11646,19498,37515,39977,30917,29285,24702,28768,26607,26552,22583,15682,12225,9010,4518,1468,298,59
"영등포구","한국인","2024",373773,9834,10954,11209,11355,18292,37086,41507,31376,28352,24481,27995,26751,26013,23433,16273,12808,9080,4988,1609,317,60
"동작구","한국인","2020",391220,10942,13622,13111,14710,27603,38942,31789,30307,28722,30190,29702,28641,28011,21151,17066,12689,8108,3787,1432,382,313
"동작구","한국인","2021",385483,9868,13124,12948,14019,26670,38212,32231,28595,28567,28640,30781,27292,28216,22262,16738,12844,8526,4091,1413,362,84
"동작구","한국인","2022",380596,9021,12331,12684,13992,26142,38059,32706,27150,28431,27362,30607,26579,27660,22640,16827,13036,9241,4311,1424,335,58
"동작구","한국인","2023",378769,8463,11608,12472,13522,25531,38194,33403,26463,28478,26143,30329,26982,27092,23490,16822,13593,9589,4670,1507,363,55
"동작구","한국인","2024",375799,8083,10542,12165,13025,24757,37353,34494,26307,27033,25638,29729,27373,26517,24326,17232,14154,9874,5056,1686,390,65
"관악구","한국인","2020",495060,9898,12474,12731,15869,39220,69915,48899,37882,33151,35333,34474,33578,33206,26037,21172,16004,9292,3849,1402,351,323
"관악구","한국인","2021",485699,8520,11323,12351,14706,37871,70283,50223,35333,32743,32800,35090,31935,33150,26820,20807,15833,10042,4144,1349,315,61
"관악구","한국인","2022",486752,7766,10398,11799,14529,37548,72767,53282,33964,32759,31007,35052,31013,33020,27038,21154,15953,11437,4520,1394,299,53
"관악구","한국인","2023",481956,7080,9400,11193,13886,35441,71938,55349,33091,32482,29223,34530,31276,32305,28113,21080,16734,11922,5037,1506,317,53
"관악구","한국인","2024",477812,6591,8432,10778,13318,34048,69807,57513,33299,30718,28482,33697,31527,31464,29105,21507,17469,12378,5646,1627,356,50
"서초구","한국인","2020",425126,13125,20726,23103,22226,25144,29947,29652,33572,37128,40227,34723,28474,27007,20790,16331,11103,6461,3326,1409,420,232
"서초구","한국인","2021",412279,11980,19719,23031,21446,23652,28357,28741,30804,36718,38360,35796,26783,26318,21777,15512,11226,6799,3420,1365,382,93
"서초구","한국인","2022",404325,10886,18166,22880,21663,22500,27549,28361,28376,35923,37193,36314,26797,25489,22003,15814,11728,7297,3636,1344,353,53
"서초구","한국인","2023",407664,10409,17409,22689,22117,22132,27766,29084,27879,36305,35939,37401,27807,25186,22819,16340,12706,7966,3886,1397,364,63
"서초구","한국인","2024",408376,10139,16495,22797,21992,21740,27233,29429,27687,34886,35995,37500,28902,24975,23551,16905,13493,8443,4221,1532,399,62
"강남구","한국인","2020",539231,13621,23145,29138,29996,33282,40658,39296,42542,47098,52168,44682,35668,32978,26445,20595,13572,7836,3977,1731,507,296
"강남구","한국인","2021",533042,12363,22363,29794,29347,31679,39095,38337,39325,47322,50407,47259,34697,32976,28551,20157,14410,8455,4145,1782,472,106
"강남구","한국인","2022",529102,11486,20834,29958,30137,29964,38028,38701,36951,46946,49344,48216,34873,32100,29011,21167,15305,9363,4395,1776,469,78
"강남구","한국인","2023",544873,12030,20975,30906,30902,28998,38587,41044,37727,49465,49512,49496,36271,32526,30284,22048,16780,10024,4888,1831,490,89
"강남구","한국인","2024",557345,12273,20887,32396,31131,28418,37886,42889,38402,49268,51624,50016,37899,32965,31274,23259,18050,10828,5271,1970,556,83
"송파구","한국인","2020",667960,21984,28760,29061,30007,40237,53882,53580,57010,54173,55126,52816,49750,48265,35919,24716,15724,9165,4967,1984,535,299
"송파구","한국인","2021",658338,20263,28110,28956,28679,38241,52181,52908,53722,54905,52304,54008,47606,48952,38584,24774,16486,9796,5206,2039,528,90
"송파구","한국인","2022",658801,18972,27148,29448,28904,36028,51377,54057,51439,56357,51290,54586,47165,48669,40230,26479,17679,10915,5398,2078,499,83
"송파구","한국인","2023",654166,17488,25826,29166,28287,34107,50512,55032,49757,57238,49225,53700,47334,47851,41887,27571,19105,11594,5652,2213,530,91
"송파구","한국인","2024",650110,16611,24529,29110,27740,32018,49024,56305,49589,55343,49386,52496,47508,46494,43121,29172,20379,12245,6062,2288,603,87
"강동구","한국인","2020",459970,15301,19449,19321,19640,26636,34821,33875,38211,36959,37085,36237,35990,36542,26702,18615,12017,6920,3530,1485,379,255
"강동구","한국인","2021",462664,14678,19643,19891,18959,25732,34735,34541,36556,38733,36121,37171,34595,37366,29216,18910,12608,7509,3784,1494,342,80
"강동구","한국인","2022",460067,13887,18673,19984,19080,24217,33769,34905,34441,39385,35344,37258,33562,37371,30286,20304,13360,8454,3858,1517,342,70
"강동구","한국인","2023",459167,12920,17972,19859,19002,22892,33560,35330,33285,39872,34510,36962,33799,36389,32027,21014,14594,8994,4180,1562,367,77
"강동구","한국인","2024",476942,13137,17932,20943,19891,22583,33645,38111,34806,40334,36445,37920,34996,36512,34129,23008,16145,9632,4557,1668,467,81
